www.kcgcollege.ac.in,Contact Us,http://www.kcgcollege.ac.in/locationhome.shtml
www.kcgcollege.ac.in,Web Mail,http://google.com/a/kcgcollege.com
www.kcgcollege.ac.in,Home,http://www.kcgcollege.ac.in/index.shtml
www.kcgcollege.ac.in,About KCG,http://www.kcgcollege.ac.in/aboutkctechhome.shtml
www.kcgcollege.ac.in,Chairperson's Message,http://www.kcgcollege.ac.in/chairperson.shtml
www.kcgcollege.ac.in,Director and CEO's Message,http://www.kcgcollege.ac.in/directorMessage.shtml
www.kcgcollege.ac.in,Principal's Message,http://www.kcgcollege.ac.in/principalmessage.shtml
www.kcgcollege.ac.in,About the College,http://www.kcgcollege.ac.in/aboutkc.shtml
www.kcgcollege.ac.in,About the Group,http://www.kcgcollege.ac.in/aboutgroup.shtml
www.kcgcollege.ac.in,Administration,http://www.kcgcollege.ac.in/administration.shtml
www.kcgcollege.ac.in,Tribute to Our Founder,http://www.kcgcollege.ac.in/founderlegacy.shtml
www.kcgcollege.ac.in,Objectives,http://www.kcgcollege.ac.in/objectives.shtml
www.kcgcollege.ac.in,Quality Policy,http://www.kcgcollege.ac.in/qualitypolicy.shtml
www.kcgcollege.ac.in,Why Study Here,http://www.kcgcollege.ac.in/whystudy.shtml
www.kcgcollege.ac.in,Eligibility Criteria,http://www.kcgcollege.ac.in/eligibility.shtml
www.kcgcollege.ac.in,Admission Procedure,http://www.kcgcollege.ac.in/admissionproc.shtml
www.kcgcollege.ac.in,Facilities,http://www.kcgcollege.ac.in/facilitieshome.shtml
www.kcgcollege.ac.in,Newsroom,http://www.kcgcollege.ac.in/newandevents.shtml
www.kcgcollege.ac.in,Courses,http://www.kcgcollege.ac.in/courseshome.shtml
www.kcgcollege.ac.in,B.E.Aeronautical Engineering,http://www.kcgcollege.ac.in/aero.shtml
www.kcgcollege.ac.in,B.E.Computer Science and Engineering,http://www.kcgcollege.ac.in/cse.shtml
www.kcgcollege.ac.in,B.E.Electrical and Electronics Engineering,http://www.kcgcollege.ac.in/eee.shtml
www.kcgcollege.ac.in,B.E.Electronics and Communication Engineering,http://www.kcgcollege.ac.in/ece.shtml
www.kcgcollege.ac.in,B.E.Mechanical Engineering,http://www.kcgcollege.ac.in/mech.shtml
www.kcgcollege.ac.in,B.E. Civil Engineering,http://www.kcgcollege.ac.in/civil.shtml
www.kcgcollege.ac.in,B.E. Electronics and Instrumentation Engineering,http://www.kcgcollege.ac.in/eie.shtml
www.kcgcollege.ac.in,B.Tech.Information Technology,http://www.kcgcollege.ac.in/it.shtml
www.kcgcollege.ac.in,M.E.Computer Science and Engineering,http://www.kcgcollege.ac.in/mecse.shtml
www.kcgcollege.ac.in,M.E.Engineering Design,http://www.kcgcollege.ac.in/design.shtml
www.kcgcollege.ac.in,M.E.VLSI Design,http://www.kcgcollege.ac.in/vlsi.shtml
www.kcgcollege.ac.in,M.E. Communication Systems,http://www.kcgcollege.ac.in/mecomsys.shtml
www.kcgcollege.ac.in,Master of Computer Applications,http://www.kcgcollege.ac.in/mca.shtml
www.kcgcollege.ac.in,Master of Business Administration,http://www.kcgcollege.ac.in/mba.shtml
www.kcgcollege.ac.in,Faculty,http://www.kcgcollege.ac.in/faculty.shtml
www.kcgcollege.ac.in,Placement,http://www.kcgcollege.ac.in/placement.shtml
www.kcgcollege.ac.in,M O U,http://www.kcgcollege.ac.in/mou.shtml
www.kcgcollege.ac.in,Value Added Programs,http://www.kcgcollege.ac.in/valueaddedprograms.shtml
www.kcgcollege.ac.in,Professional Affiliations,http://www.kcgcollege.ac.in/professionalaffliations.shtml
www.kcgcollege.ac.in,Scholarships,http://www.kcgcollege.ac.in/scholarships.shtml
www.kcgcollege.ac.in,iCell,http://www.kcgcollege.ac.in/icell.shtml
www.kcgcollege.ac.in,eCell,http://www.kcgcollege.ac.in/ecell.shtml
www.kcgcollege.ac.in,Student Support Services,http://www.kcgcollege.ac.in/studentsupport.shtml
www.kcgcollege.ac.in,Sports,http://www.kcgcollege.ac.in/sports.shtml
www.kcgcollege.ac.in,National Cadet Corps (NCC),http://www.kcgcollege.ac.in/ncc.shtml
www.kcgcollege.ac.in,National Service Scheme (NSS),http://www.kcgcollege.ac.in/nss.shtml
www.kcgcollege.ac.in,M.E. Manufacturing Engineering,http://www.kcgcollege.ac.in/manufa-eng.shtml
www.kcgcollege.ac.in,M.E. Power Electronics and Drives,http://www.kcgcollege.ac.in/power-electronics.shtml
www.kcgcollege.ac.in,Alumni,http://www.kcgcollege.ac.in/alumni.shtml
www.kcgcollege.ac.in,NATIONAL CONFERENCE ON FUZZY THEORY AND APPLICATIONS (NCFTA15),http://kcgcollege.ac.in/NCFTA15/index.shtml
www.kcgcollege.ac.in,International Conference on Intelligent Computing and Applications ICICA 2015,http://www.kcgcollege.ac.in/pdf/ICICABrochure.pdf
www.kcgcollege.ac.in,www.icica.co.in,https://www.icica.co.in
www.kcgcollege.ac.in,March 2013,http://www.kcgcollege.ac.in/pdf/campus_buzz_2013.pdf
www.kcgcollege.ac.in,March 2014,http://www.kcgcollege.ac.in/pdf/CB March14.pdf
www.kcgcollege.ac.in,Rank Holders April 2014,http://www.kcgcollege.ac.in/pdf/rankholder2014.pdf
www.kcgcollege.ac.in,Even Semester 20142015,http://www.kcgcollege.ac.in/pdf/even_2014-2015.pdf
www.kcgcollege.ac.in,Anna University Examinations,http://www.annauniv.edu
www.kcgcollege.ac.in,AICTE,http://www.aicte-india.org/
www.kcgcollege.ac.in,hodit@kcgcollege.ac.in,http://www.kcgcollege.ac.in/mailto:hodit@kcgcollege.ac.in
www.kcgcollege.ac.in,Need help?,https://accounts.google.com/RecoverAccount?service=CPanel&continue=https%3A%2F%2Fadmin.google.com%2Fkcgcollege.com%2FDashboard
www.kcgcollege.ac.in,Create an account,https://www.google.com/a/signup/?source=admin-loginpage
www.kcgcollege.ac.in,About Google,https://www.google.com/intl/en/about
www.kcgcollege.ac.in,Privacy,https://accounts.google.com/TOS?loc=IN&hl=en&privacy=true
www.kcgcollege.ac.in,Terms,https://accounts.google.com/TOS?loc=IN&hl=en
www.kcgcollege.ac.in,Help,http://www.google.com/support/accounts?hl=en
www.kcgcollege.ac.in,hodcse@kcgcollege.ac.in,http://www.kcgcollege.ac.in/mailto:hodcse@kcgcollege.ac.in
www.kcgcollege.ac.in,hodeee@kcgcollege.ac.in,http://www.kcgcollege.ac.in/mailto:hodeee@kcgcollege.ac.in
www.kcgcollege.ac.in,hodaero@kcgcollege.ac.in,http://www.kcgcollege.ac.in/mailto:hodaero@kcgcollege.ac.in
www.kcgcollege.ac.in,hodece@kcgcollege.ac.in,http://www.kcgcollege.ac.in/mailto:hodece@kcgcollege.ac.in
www.kcgcollege.ac.in,Hindustan Institute of Engineering Technology,http://www.hiet.in/
www.kcgcollege.ac.in,Hindustan University,http://www.hindustanuniv.ac.in/
www.kcgcollege.ac.in,KCG College of Technology,http://www.kcgcollege.ac.in/
www.kcgcollege.ac.in,Hindustan College of Arts and Science,http://www.hcaschennai.com/
www.kcgcollege.ac.in,Orient Flight School,http://www.orientflights.com/
www.kcgcollege.ac.in,hetc@vsnl.com,http://www.kcgcollege.ac.in/mailto:hetc@vsnl.com
www.kcgcollege.ac.in,M.E. Power Electronics and Drives,http://www.kcgcollege.ac.in/me_power_electronic.shtml
www.kcgcollege.ac.in,hodmech@kcgcollege.ac.in,http://www.kcgcollege.ac.in/mailto:hodmech@kcgcollege.ac.in
www.kcgcollege.ac.in,kumarasamy.gs@gmail.com,http://www.kcgcollege.ac.in/mailto:kumarasamy.gs@gmail.com
www.kcgcollege.ac.in,hodmca@kcgcollege.ac.in,http://www.kcgcollege.ac.in/mailto:hodmca@kcgcollege.ac.in
www.kcgcollege.ac.in,Steinbeis Solar Research Centre (SSRC),http://www.kcgcollege.ac.in/mou_Steinbeis.shtml
www.kcgcollege.ac.in,ranganathan@kcgcollege.com,http://www.kcgcollege.ac.in/mailto:ranganathan@kcgcollege.com
www.kcgcollege.ac.in,placement@kcgcollege.com,http://www.kcgcollege.ac.in/mailto:placement@kcgcollege.com
www.kcgcollege.ac.in,kcgplacement@gmail.com,http://www.kcgcollege.ac.in/mailto:kcgplacement@gmail.com
www.kcgcollege.ac.in,ganesh@kcgcollege.com,http://www.kcgcollege.ac.in/mailto:ganesh@kcgcollege.com
www.kcgcollege.ac.in,Training Cell Programmes,http://www.kcgcollege.ac.in/pdf/Training Programmes 2013-2014.pdf
www.kcgcollege.ac.in,Device to help blind read SMSes,http://www.deccanchronicle.com/channels/sci-tech/others/student-develops-device-help-blind-read-smses-748
www.kcgcollege.ac.in,http://chennaionline.com/cityfeature/chennai/may09/12brimmingwithcreativity.aspx,http://chennaionline.com/cityfeature/chennai/may09/12brimming-with-creativity.aspx
www.kcgcollege.ac.in,NDTV Profit TATA First dot Program : Recognising the student entrepreneur,http://profit.ndtv.com/videos/ndtv-special-ndtv-profit/video-tata-first-dot-recognising-the-student-entrepreneur-264519
www.kcgcollege.ac.in,Apply Registration,http://www.kcgcollege.ac.in/images/KCG_conference_regisrationform.pdf
www.kcgcollege.ac.in,Download Broucher,http://www.kcgcollege.ac.in/images/KCG_conference_broucher.pdf
www.kcgcollege.ac.in,: KCG Infotech,http://kcginfotech.in
www.kcgcollege.ac.in,Registration,http://www.kcgconnect.in/register
www.kcgcollege.ac.in,Alumni Portal,http://www.kcgconnect.in/
www.kcgcollege.ac.in,Gallery,http://www.kcgconnect.in/gallery
www.kcgcollege.ac.in,Contact Us,http://www.kcgconnect.in/contact
www.kcgcollege.ac.in,Home,http://www.annauniv.edu/index.php
www.kcgcollege.ac.in,Departments,http://www.annauniv.edu/department/index.php
www.kcgcollege.ac.in,Centres,http://www.annauniv.edu/centres.php
www.kcgcollege.ac.in,Research,http://cfr.annauniv.edu/research/index.php
www.kcgcollege.ac.in,Affiliation,http://www.annauniv.edu/cai/
www.kcgcollege.ac.in,Sports,http://www.annauniv.edu/sports
www.kcgcollege.ac.in,Mail,https://mail.annauniv.edu/mail/src/login.php
www.kcgcollege.ac.in,TNEA,https://tnea.annauniv.edu/tnea2015/
www.kcgcollege.ac.in,B.Arch.,http://onlineapp.annauniv.edu/barch2015/information.php
www.kcgcollege.ac.in,TANCA,http://onlineapp.annauniv.edu/tanca2015/tanca
www.kcgcollege.ac.in,Other State,https://www.annauniv.edu/otherstate2015/
www.kcgcollege.ac.in,TANCET,https://www.annauniv.edu/cet15/
www.kcgcollege.ac.in,University Admissions,http://www.kcgcollege.ac.in/univ_admission.php
www.kcgcollege.ac.in,Distance Education,http://cde.annauniv.edu/Default11.aspx
www.kcgcollege.ac.in,B.Arch Rank Enquiry 2015,https://www.annauniv.edu/barch15
www.kcgcollege.ac.in,TANCET Mark Sheet,https://www.annauniv.edu/cet15
www.kcgcollege.ac.in,Recruitment of Teaching Fellow Dept. of Civil Eng CEG Campus,https://www.annauniv.edu/pdf/Teaching Fellow-DCE-Advt.pdf
www.kcgcollege.ac.in,Recruitment of Temporary Faculty Positions in IIT Srirangam,https://www.annauniv.edu/pdf/iiitsrirangam_temporaryfaculty_recruitment_extended .pdf
www.kcgcollege.ac.in,Two day certificate training programme on EFoundry: Casting Design and Simulation Dept.of Mech Engg CEG Campus,https://www.annauniv.edu/pdf/EFTrgCourse-Brochure.pdf
www.kcgcollege.ac.in,Seminar on How to do a good Research Thesis?,https://www.annauniv.edu/pdf/seminar_thesis.pdf
www.kcgcollege.ac.in,Recruitment of JRF Dept. of Medical Physics,https://www.annauniv.edu/pdf/JRF_Medical.pdf
www.kcgcollege.ac.in,Edusat Programme Schedule July Octobber 2015,https://www.annauniv.edu/pdf/EDUSAT2015.pdf
www.kcgcollege.ac.in,Mentoring for Entrepreneurship CONVENE 2015 CED CEG Campus,https://www.annauniv.edu/pdf/Convene - 2015 Anna Univ.pdf
www.kcgcollege.ac.in,Recruitment of Research Associate RA III DST NFDD Project BIT Campus,https://www.annauniv.edu/pdf/NFDD APPLICATION_JUL15.pdf
www.kcgcollege.ac.in,Scholarships and Educational opportunities in Germany and Korea,https://www.annauniv.edu/cia/gk.pdf
www.kcgcollege.ac.in,One Day Workshop on Simulation of Power System Transients:EMTPRV Dept.of EEE CEG Campus,https://www.annauniv.edu/pdf/Brouchere_EMTP-RV_EEE.pdf
www.kcgcollege.ac.in,SAWA Masters Fellowship CWR CEG Campus,https://www.annauniv.edu/pdf/1.pdf
www.kcgcollege.ac.in,Recruitment of Teaching Fellow Mechanical Dept CEG Campus,https://www.annauniv.edu/pdf/Mech TF.pdf
www.kcgcollege.ac.in,One Day Seminar on Light and Nobel Prize Crystal Growth Centre AC Tech Campus,https://www.annauniv.edu/pdf/SEMINAR ON 17 07 15.pdf
www.kcgcollege.ac.in,MOBATHAN A Mobile App Contest CUICCEG Campus,https://www.annauniv.edu/pdf/CUIC - Daimler.pdf
www.kcgcollege.ac.in,Advertisement for filling up of Faculty Positions Regional Office and University College of Engineering,https://www.annauniv.edu/pdf/advt_faculty.pdf
www.kcgcollege.ac.in,PreDeparture briefing for students who leave to UK for higher education,https://www.annauniv.edu/pdf/bc.pdf
www.kcgcollege.ac.in,Two Days Workshop on BIG DATA AND CLOUD TOOLS MIT Campus,https://www.annauniv.edu/pdf/gridcloud_wokshop.pdf
www.kcgcollege.ac.in,International Convention of Association of Pharmacy Professionals Dept. of Pharmaceutical Technology BIT Campus,https://www.annauniv.edu/pdf/APP CONVENTION_2016_BROCHURE.pdf
www.kcgcollege.ac.in,Seminar on the behaviour of silver nanoparticles in complex media Crystal Growth Centre AC Tech. Campus,https://www.annauniv.edu/pdf/SEMINAR ON 13 07 15.pdf
www.kcgcollege.ac.in,Foundation Skills in Integrated Product Development (FSIPD) CFD CEG Campus,https://www.annauniv.edu/pdf/Invitation-Launch_FSIPD_Course.pdf
www.kcgcollege.ac.in,Training programme on Repair and Rehabilitation of Structures BTC CEG Campus,https://www.annauniv.edu/pdf/Inv_bul.pdf
www.kcgcollege.ac.in,One day workshop on Recent Advances in Medical Imaging Techniques CME CEG Campus,https://www.annauniv.edu/pdf/RAMITworkshop.pdf
www.kcgcollege.ac.in,List of Candidates for FN Counselling 2015 for B.E / B.Tech Programmes,https://www.annauniv.edu/cia/FN%202015%20list.pdf
www.kcgcollege.ac.in,List of Candidates for NRI/CIWGC Counselling 2015 for B.E / B.Tech Programmes,https://www.annauniv.edu/cia/NRI%20CIWGC%202015%20list.pdf
www.kcgcollege.ac.in,University Library Inauguration Modernized Closed Reference Section and Renovated Portico and Lobby,https://www.annauniv.edu/pdf/invitationCR.pdf
www.kcgcollege.ac.in,Faculty Development program on Advanced Research in Materials for Engineering and Technological Applications (ARMETA2015),https://www.annauniv.edu/pdf/FDP Pamphlet-BIT Campus.pdf
www.kcgcollege.ac.in,Two days Workshop on Recent Research Techniques in Next Generation Wireless Technologies,https://www.annauniv.edu/pdf/Recent Research.pdf
www.kcgcollege.ac.in,Workshop on Modern Scientific Techniques for Indian Systems of Medicine & Natural Products Development AUKBC Research Centre MIT Campus,https://www.annauniv.edu/pdf/imh.pdf
www.kcgcollege.ac.in,FDTP Programmes in Collaboration with NASSCOM,http://www.annauniv.edu/pdf/Nasscom_FDTP.pdf
www.kcgcollege.ac.in,Recruitment of JRF NHHID CEG Campus,https://www.annauniv.edu/pdf/NHHID JRF NP advt 30.06.15.pdf
www.kcgcollege.ac.in,UG and PG Programmes Semester Fees Schedule for the Academic Session July 2015 November 2015,https://www.annauniv.edu/academic_courses/docs/notification/Fee%20Circular%20July-Nov%202015.pdf
www.kcgcollege.ac.in,Payment of tution and semester fee circular for NRI/CIWGC/FN students (20152016),https://www.annauniv.edu/cia/fee%20circular%20cia%202015.pdf
www.kcgcollege.ac.in,Recruitment of JRF Dept.of Chemistry CEG Campus,https://www.annauniv.edu/pdf/Notification JRF.pdf
www.kcgcollege.ac.in,One Day Workshop on Agile Manufacturing Dept.of Mech AURC CBE Campus,https://www.annauniv.edu/pdf/Agile Manufacturing .pdf
www.kcgcollege.ac.in,Lean Six Sigma Green Belt Certificate Programme 48th Batch,https://www.annauniv.edu/pdf/Green belt 48th Brochure final.pdf
www.kcgcollege.ac.in,CEG Hostel online Fee payment for odd semester (July 2015 November 2015),http://ceghostel.in/users/sign_in
www.kcgcollege.ac.in,applications for Young Faculty Research Support Scheme 2015,https://www.annauniv.edu/pdf/Call for Young faculty scheme.pdf
www.kcgcollege.ac.in,Nominations for Research and Consultancy Awards 2015,https://www.annauniv.edu/pdf/Faculty Awards 2015.pdf
www.kcgcollege.ac.in,International Workshop on Network Security and Challenges MIT Campus,https://www.annauniv.edu/pdf/NS_Workshop_Brochure.pdf
www.kcgcollege.ac.in,Admission to B.Arch. Degree Programme under Consortium of Industries for 201516,https://www.annauniv.edu/pdf/advtConsortium.pdf
www.kcgcollege.ac.in,A.C Tech.Hostels Online Payment of Hostel and Mess Fee,https://www.annauniv.edu/pdf/A.C.TECH HOSTEL FEES  ONLINE PAYMENT.pdf
www.kcgcollege.ac.in,Recruitment of JRF Crystal Growth Centre CEG Campus,https://www.annauniv.edu/pdf/DBT.pdf
www.kcgcollege.ac.in,ACADEMIC PERFORMANCE OF B.E./B.Tech. DEGREE PROGRAMMES APRIL / MAY 2014 EXAMINATIONS FOR NONAUTONOMOUS AFFILIATED COLLEGES,https://www.annauniv.edu/pdf/acaper042014.pdf
www.kcgcollege.ac.in,ACADEMIC PERFORMANCE OF B.E./B.Tech. DEGREE PROGRAMMES NOV / DEC 2014 EXAMINATIONS FOR NONAUTONOMOUS AFFILIATED COLLEGES,https://www.annauniv.edu/pdf/acaper112014.pdf
www.kcgcollege.ac.in,Data Analysis for Research in Management & Social Sciences CDE,http://cde.annauniv.edu/pdf/Web%20content%20-%20July%20WS%20-%2025.5.15.pdf
www.kcgcollege.ac.in,Short term Training Course on CAD/CAE CEG Campus,https://www.annauniv.edu/pdf/STC-Summer- 2015 new.pdf
www.kcgcollege.ac.in,The Hong Kong Ph.D and other fellowship Scheme CIA,https://www.annauniv.edu/cia/hkust.pdf
www.kcgcollege.ac.in,Seven Days FDTP on MA6151 MathematicsI Dept.of Maths Panruti Campus,https://www.annauniv.edu/pdf/brochure-Panruti.pdf
www.kcgcollege.ac.in,Annual ELTAI Conference on Learning and Teaching English in India,https://www.annauniv.edu/pdf/eltai.pdf
www.kcgcollege.ac.in,A ready reckoner for enhancing placement activities,http://www.annauniv.edu/pdf/AU-CUIC-A Ready Reckoner for Placement.pdf
www.kcgcollege.ac.in,NovDec 2012,http://www.annauniv.edu/pdf/PASS_PERCENTAGE_ND2012.pdf
www.kcgcollege.ac.in,NovDec 2013,http://www.annauniv.edu/pdf/PASS_PERCENTAGE_ND2013.pdf
www.kcgcollege.ac.in,AprMay 2013,http://www.annauniv.edu/pdf/PASS_PERCENTAGE_AM2013.pdf
www.kcgcollege.ac.in,QIC NPTEL Anna University Syllabus Subject Equivalence CFD,http://cfd.annauniv.edu/nptel.html
www.kcgcollege.ac.in,Students Quality Club Membership Open,http://www.annauniv.edu/pdf/sqcm.pdf
www.kcgcollege.ac.in,Govt. of Tamilnadu Merit Scholarships to Minority students,http://www.momascholarship.gov.in/
www.kcgcollege.ac.in,WiFi Connectivity Registration for Students and Staff Members of University Departments,http://www.annauniv.edu/pdf/Wi Fi Registration Form.pdf
www.kcgcollege.ac.in,view more...,http://www.kcgcollege.ac.in/more.php
www.kcgcollege.ac.in,About Us,http://www.kcgcollege.ac.in/aboutus.php
www.kcgcollege.ac.in,University Departments,http://www.kcgcollege.ac.in/univdept.php
www.kcgcollege.ac.in,Regional Offices,http://www.kcgcollege.ac.in/regional_offices.php
www.kcgcollege.ac.in,Constituent Colleges,http://www.kcgcollege.ac.in/constituent_colleges.php
www.kcgcollege.ac.in,Students' Activities,http://www.kcgcollege.ac.in/campustour/index.php
www.kcgcollege.ac.in,Alumni,http://www.cegam.in/
www.kcgcollege.ac.in,Conference,http://www.annauniv.edu/conference.php
www.kcgcollege.ac.in,Ramanujan Computing Centre,http://www.annauniv.edu/rcc
www.kcgcollege.ac.in,University Library,http://www.kcgcollege.ac.in/Library/index.html
www.kcgcollege.ac.in,International Affairs,http://www.kcgcollege.ac.in/cia/index.php
www.kcgcollege.ac.in,Distance Education,http://cde.annauniv.edu
www.kcgcollege.ac.in,Patents,http://www.annauniv.edu/ipr/index.php
www.kcgcollege.ac.in,Tender,http://www.annauniv.edu/tender/
www.kcgcollege.ac.in,Health Centre,http://www.annauniv.edu/HealthCentre/
www.kcgcollege.ac.in,RTI Mandatory Disclosure,http://www.annauniv.edu/RTI2005.html
www.kcgcollege.ac.in,Prevention of Sexual Harassment (POSH) cell,https://www.annauniv.edu/POSH/index.php
