http://www.srmuniv.ac.in,http://www.srmuniv.ac.in/gatewaystudents/index,http://www.srmuniv.ac.in/node/7483,http://www.srmalumni.com/srmalumni/,http://www.srmuniv.ac.in/gatewayparents/parents,http://www.srmuniv.ac.in/gateway/visitors,http://www.srmuniv.ac.in/index.html,http://www.srmuniv.ac.in/aboutus/srm-university-where-you-have-freedom-take-wings,http://www.srmuniv.ac.in/aboutus/vision-and-mission,http://www.srmuniv.ac.in/aboutus/history,http://www.srmuniv.ac.in/aboutus/administration,http://www.srmuniv.ac.in/aboutus/faculties-schools-and-departments,http://www.srmuniv.ac.in/aboutus/programs,http://www.srmuniv.ac.in/aboutus/our-campus,http://www.srmuniv.ac.in/aboutus/student-services,http://www.srmuniv.ac.in/aboutus/library,http://www.srmuniv.ac.in/aboutus/welcome-srm-hostels,http://www.srmuniv.ac.in/aboutus/housing,http://www.srmuniv.ac.in/aboutus/international-hostel,http://www.srmuniv.ac.in/aboutus/dining-hall,http://www.srmuniv.ac.in/aboutus/amenities,http://www.srmuniv.ac.in/acdemics/laundry-services,http://www.srmuniv.ac.in/aboutus/fee-structure,http://www.srmuniv.ac.in/acdemics/download-forms,http://www.srmuniv.ac.in/aboutus/student-accommodation/contactus,http://www.srmuniv.ac.in/acdemics/academic-achievements,http://www.srmuniv.ac.in/acdemics/other-achievements,http://www.srmuniv.ac.in/iqac/information-in-public-interest,http://www.srmuniv.ac.in/iqac/internal-quality-assurance-cell,http://www.srmuniv.ac.in/node/6361,http://www.srmuniv.ac.in/node/9643,http://srmcrm04.srmuniv.ac.in/Application/Registration.aspx,http://mysrm.srmuniv.ac.in/ir/content/twining-transfer-degree,http://www.srmuniv.ac.in/node/10053,http://www.srmuniv.ac.in/node/11108,http://www.srmuniv.ac.in/node/6564,http://www.srmuniv.ac.in/node/6566,http://www.srmuniv.ac.in/node/10054,http://www.srmuniv.ac.in/admission/financial-aid/scholarships,http://www.srmuniv.ac.in/admission/financial-aid/loans,http://www.srmuniv.ac.in/admission/financial-aid/fee-refund,http://www.srmuniv.ac.in/enroll/,http://www.srmuniv.ac.in/academics/medicine,http://www.srmuniv.ac.in/academics/management,http://www.srmuniv.ac.in/academics/science-and-humanities,http://www.srmuniv.ac.in/academics/iste_chapter_activities,http://www.srmuniv.ac.in/academics/office-bearers,http://www.srmuniv.ac.in/academics/grants-sanctioned-iste,http://www.srmuniv.ac.in/academics/awards_given,http://www.srmuniv.ac.in/academics/iste-srm-international-journal-publications,http://www.srmuniv.ac.in/research/research,http://www.srmuniv.ac.in/research/phd_research,http://www.srmuniv.ac.in/research/funded_research,http://www.srmuniv.ac.in/campus/campus,http://www.srmuniv.ac.in/campus/arts-culture,http://www.srmuniv.ac.in/node/11689,http://www.srmuniv.ac.in/node/11716,http://www.srmuniv.ac.in/muthucharam/,http://www.srmuniv.ac.in/campus/publicservice,http://www.srmuniv.ac.in/campus/caste_discrimination,http://www.srmuniv.ac.in/engineering/womens-grievance-redressal-committee,http://www.srmuniv.ac.in/aboutus/chancellor,http://www.srmuniv.ac.in/aboutus/accreditation-and-ranking,http://www.srmuniv.ac.in/aboutus/research-srm,http://www.srmuniv.ac.in/aboutus/campus-view,http://www.srmuniv.ac.in/aboutus/building-details,http://www.srmuniv.ac.in/aboutus/sanctity-hostels,http://www.srmuniv.ac.in/aboutus/vision,http://www.srmuniv.ac.in/aboutus/hostels-men,http://www.srmuniv.ac.in/aboutus/hostels-women,http://www.srmuniv.ac.in/aboutus/mess-rules,http://www.srmuniv.ac.in/aboutus/mess-timings,http://www.srmuniv.ac.in/aboutus/who-can-apply,http://www.srmuniv.ac.in/aboutus/how-and-when-apply,http://www.srmuniv.ac.in/acdemics/international-advisory-board,http://www.srmuniv.ac.in/aboutus/panel-foreign-faculty,http://www.srmuniv.ac.in/aboutus/strategic-alliance,http://www.srmuniv.ac.in/aboutus/visiting-srm,http://admissions.srmuniv.ac.in/admissions_india/home,http://www.srmuniv.ac.in/node/6561,http://www.srmuniv.ac.in/campus/athleticsfitness,http://soc.srmuniv.ac.in/SOC/,http://www.srmuniv.ac.in/engineering/anti-ragging,http://www.srmuniv.ac.in/node/11690,http://www.srmuniv.ac.in/placement/statistics_2014.html,http://www.srmuniv.ac.in/node/11660,http://admissions.srmuniv.ac.in/admissions_india/index.html,http://apply.srmuniv.ac.in/srmmtechapp,http://apply.srmuniv.ac.in/srmnonentapp,http://evarsity.srmuniv.ac.in/ApplicantLogin/Applications/ApplicantLogin.jsp,http://counseling.srmuniv.ac.in/srmfet/,http://counseling.srmuniv.ac.in/online/,http://counseling.srmuniv.ac.in/srmmhs/,http://www.srmuniv.ac.in/enroll,http://www.srmus.ac.in/,http://www.srmuniv.ac.in/node/11286,http://mysrm.srmuniv.ac.in/iconn2015/,http://www.srmuniv.ac.in/node/11700,http://www.srmuniv.ac.in/node/11939,http://www.srmuniv.ac.in/node/11988,http://www.srmuniv.ac.in/node/11631,http://www.srmuniv.ac.in/node/11415,http://www.srmuniv.ac.in/node/11349,http://www.srmuniv.ac.in/node/11146,http://www.srmuniv.ac.in/node/11616,http://www.srmuniv.ac.in/node/11642,http://www.srmuniv.ac.in/node/11665,http://www.srmuniv.ac.in/node/11648,http://www.srmuniv.ac.in/node/11585,http://www.srmuniv.ac.in/node/11461,http://www.srmuniv.ac.in/node/11337,http://www.srmuniv.ac.in/node/11404,http://www.srmuniv.ac.in/node/11175,http://www.srmuniv.ac.in/node/11169,http://www.srmuniv.ac.in/node/10970,http://www.srmuniv.ac.in/node/11004,http://www.srmuniv.ac.in/node/10954,http://www.srmuniv.ac.in/latest_news,http://www.srmuniv.ac.in/node/11741,http://www.srmuniv.ac.in/node/11103,http://www.srmuniv.ac.in/node/11956,http://www.srmuniv.ac.in/academics/engineering,http://srmuniversity.ac.in/index.html,http://event.srmuniv.ac.in/calm2014/,http://www.srmuniv.ac.in/node/11165,http://www.srmuniv.ac.in/node/11174,http://www.srmuniv.ac.in/node/11179,http://www.srmuniv.ac.in/node/11210,http://www.srmuniv.ac.in/node/11257,http://www.srmuniv.ac.in/node/11154,http://mysrm.srmuniv.ac.in/awrp/node/1,http://www.srmuniv.ac.in/node/11141,http://www.srmuniv.ac.in/node/11288,http://www.srmuniv.ac.in/node/11290,http://mysrm.srmuniv.ac.in/nwstsq/,http://www.srmuniv.ac.in/node/11171,http://www.srmuniv.ac.in/node/11425,http://www.srmuniv.ac.in/node/11426,http://www.srmuniv.ac.in/node/11411,http://mysrm.srmuniv.ac.in/icopic2015/,http://www.srmuniv.ac.in/node/11424,http://www.srmuniv.ac.in/node/11505,http://mysrm.srmuniv.ac.in/mmpci/,http://www.srmuniv.ac.in/node/11557,http://www.srmuniv.ac.in/node/11560,http://www.srmuniv.ac.in/node/11569,http://www.srmuniv.ac.in/node/11399,http://www.srmuniv.ac.in/node/11558,http://www.srmuniv.ac.in/node/11643,http://www.srmuniv.ac.in/node/10601,http://www.srmuniv.ac.in/node/11549,http://www.srmuniv.ac.in/world-womens-day,http://www.srmuniv.ac.in/node/11685,http://www.srmuniv.ac.in/node/11757,http://mysrm.srmuniv.ac.in/icidl2015/,http://www.srmuniv.ac.in/node/11945,http://www.srmuniv.ac.in/node/11946,http://www.srmuniv.ac.in/node/11980,http://www.srmuniv.ac.in/node/11983,http://www.srmuniv.ac.in/node/11770,http://www.srmuniv.ac.in/node/11769,http://www.srmuniv.ac.in/node/11774,http://www.srmuniv.ac.in/node/11775,http://www.srmuniv.ac.in/node/11606,http://mysrm.srmuniv.ac.in/more2015/,http://www.srmuniv.ac.in/node/10609,http://www.srmuniv.ac.in/node/11623,http://mysrm.srmuniv.ac.in/women_rights/,http://www.srmuniv.ac.in/node/11649,http://www.srmuniv.ac.in/node/11771,http://www.srmuniv.ac.in/node/11982,http://www.srmuniv.ac.in/node/11957,http://www.srmuniv.ac.in/node/11941,http://www.srmuniv.ac.in/node/11755,http://www.srmuniv.ac.in/mailto:director.admissions@srmuniv.ac.in,http://www.srmuniv.ac.in/mailto:admissions.india@srmuniv.ac.in,http://www.srmuniv.ac.in/mailto:techsupport@srmuniv.ac.in,http://srmadmtest2015.srmuniv.ac.in/slotselection/default.aspx,http://www.srmuniv.ac.in/node/11641,http://www.tinyurl.com/openelectivepoll,http://www.tinyurl.com/frgnlangreg ,http://feekart.srmuniv.ac.in/srmopp/,http://online.greenpearleducation.com/cdcopp/,http://online.affectionatepublishers.com/affopp/,http://www.srmuniv.ac.in/node/11627,http://www.srmuniv.ac.in/IIISM/flow_cytometry_workshop.html,http://www.srmuniv.ac.in/node/11604,http://www.srmuniv.ac.in/node/11587,http://www.srmuniv.ac.in/node/11555,http://www.srmuniv.ac.in/node/11196,http://evarsity.srmuniv.ac.in/srmwebonline/exam/onlineResult.jsp,http://www.srmuniv.ac.in/node/11244,http://www.srmuniv.ac.in/node/11268,"http://apply.srmuniv.ac.in/srmbtechapp/LoginPage.jsp
",http://www.srmuniv.ac.in/node/11431,http://event.srmuniv.ac.in/icdba15/,https://www.facebook.com/SRMUniversityOfficial,https://twitter.com/SRM_Univ,http://www.youtube.com/user/SRMeducation?ob=0,https://plus.google.com/+srmuniversity/posts,http://mysrm.srmuniv.ac.in/blog/,http://www.srmuniv.ac.in/facultyabroad,http://www.greenpearleducation.com/,http://www.srmuniv.ac.in/aboutus/corporate-advisory-board,http://soc.srmuniv.ac.in/soc/,http://www.srmuniv.ac.in/sites/default/files/new.html,http://www.srmuniv.ac.in/virtual/tour/Index.html,http://www.srmuniv.ac.in/campus_connect/spectrum,http://www.srmuniv.ac.in/ramapuram/,http://www.srmuniv.ac.in/ramapuram-part-vadapalani/,http://www.srmuniv.ac.in/ncr/
http://admissions.srmuniv.ac.in/admissions_international/node/139
http://www.srmuniv.ac.in/node/7483//gatewayfaculty/index,http://www.srmuniv.ac.in/node/7483//gatewayjobs/jobs,http://www.srmuniv.ac.in/node/7483//acdemics/contact-us,http://www.srmuniv.ac.in/node/7483//aboutus/srm-university-where-you-have-freedom-take-wings,http://www.srmuniv.ac.in/node/7483//aboutus/vision-and-mission,http://www.srmuniv.ac.in/node/7483//aboutus/history,http://www.srmuniv.ac.in/node/7483//aboutus/our-campus,http://www.srmuniv.ac.in/node/7483//aboutus/student-services,http://www.srmuniv.ac.in/node/7483//aboutus/library,http://www.srmuniv.ac.in/node/7483//aboutus/sports,http://www.srmuniv.ac.in/node/7483//aboutus/welcome-srm-hostels,http://www.srmuniv.ac.in/node/7483//aboutus/sanctity-hostels,http://www.srmuniv.ac.in/node/7483//aboutus/vision,http://www.srmuniv.ac.in/node/7483//aboutus/hostels-men,http://www.srmuniv.ac.in/node/7483//aboutus/hostels-women,http://www.srmuniv.ac.in/node/7483//aboutus/international-hostel,http://www.srmuniv.ac.in/node/7483//aboutus/dining-hall,http://www.srmuniv.ac.in/node/7483//aboutus/mess-timings,http://www.srmuniv.ac.in/node/7483//aboutus/amenities,http://www.srmuniv.ac.in/node/7483//acdemics/laundry-services,http://www.srmuniv.ac.in/node/7483//acdemics/download-forms,http://www.srmuniv.ac.in/node/7483//aboutus/student-accommodation/contactus,http://www.srmuniv.ac.in/node/7483//acdemics/international-advisory-board,http://www.srmuniv.ac.in/node/7483//aboutus/corporate-advisory-board,http://www.srmuniv.ac.in/node/7483//aboutus/strategic-alliance,http://www.srmuniv.ac.in/node/7483//aboutus/panel-foreign-faculty,http://www.srmuniv.ac.in/node/7483//acdemics/academic-achievements,http://www.srmuniv.ac.in/node/7483//acdemics/other-achievements,http://www.srmuniv.ac.in/node/7483//iqac/information-in-public-interest,http://www.srmuniv.ac.in/node/7483//iqac/internal-quality-assurance-cell,http://www.srmuniv.ac.in/node/7483//engineering/anti-ragging,http://www.srmuniv.ac.in/node/7483//engineering/womens-grievance-redressal-committee,http://www.srmuniv.ac.in/node/7483//aboutus/visiting-srm,http://www.srmuniv.ac.in/node/7483//node/9643,http://www.srmuniv.ac.in/node/7483//node/6561,http://www.srmuniv.ac.in/node/7483//node/11108,http://www.srmuniv.ac.in/node/7483//node/6564,http://www.srmuniv.ac.in/node/7483//node/6566,http://www.srmuniv.ac.in/node/7483//node/6568,http://www.srmuniv.ac.in/node/7483//admission/financial-aid/loans,http://www.srmuniv.ac.in/node/7483//admission/financial-aid/fee-refund,http://www.srmuniv.ac.in/node/7483//academics/colleges-and-schools,http://www.srmuniv.ac.in/node/7483//academics/engineering,http://www.srmuniv.ac.in/node/7483//academics/management,http://www.srmuniv.ac.in/node/7483//academics/science-and-humanities,http://www.srmuniv.ac.in/node/7483//academics/departmentsa-z,http://www.srmuniv.ac.in/node/7483//academics/iste_chapter_activities,http://www.srmuniv.ac.in/node/7483//academics/grants-sanctioned-iste,http://www.srmuniv.ac.in/node/7483//academics/awards_given,http://www.srmuniv.ac.in/admission/iste-srm-international-journal-publications,http://www.srmuniv.ac.in/node/7483//academics/programmes_approved,http://www.srmuniv.ac.in/node/7483//academics/membership,http://www.srmuniv.ac.in/node/7483//research/research,http://www.srmuniv.ac.in/node/7483//research/phd_research,http://www.srmuniv.ac.in/node/7483//campus/campus,http://www.srmuniv.ac.in/node/7483//campus/arts-culture,http://www.srmuniv.ac.in/node/7483//campus/athleticsfitness,http://www.srmuniv.ac.in/node/7483//campus/studentlife,http://www.srmuniv.ac.in/node/7483//node/11689,http://www.srmuniv.ac.in/node/7483//campus/publicservice,http://www.srmuniv.ac.in/node/7483//campus/caste_discrimination,http://www.srmuniv.ac.in/node/7483//,http://www.srmuniv.ac.in/node/7483//node/7457,http://www.srmuniv.ac.in/node/7483//node/9165,http://evarsity.srmuniv.ac.in/srmweb/usermanager/youLogin.jsp,http://10.1.32.27/dspace/,http://emanager.srmuniv.ac.in/emanager/,http://www.srmuniv.ac.in/node/7483//node/7460,http://www.srmuniv.ac.in/node/7483//node/7463,http://www.srmuniv.ac.in/node/10905,http://www.srmuniv.ac.in/ir,http://www.srmuniv.ac.in/sap/,http://www.srmuniv.ac.in/node/7483//facultyabroad,http://www.srmuniv.ac.in/node/7483//node,http://www.srmuniv.ac.in/node/7483//node/6361,http://www.srmuniv.ac.in/node/7483//campus_connect/spectrum,http://www.facebook.com/SRMUniversityOfficial
http://www.srmuniv.ac.in/gatewaystudents/index//aboutus/accreditation-and-ranking,http://www.srmuniv.ac.in/gatewaystudents/index//aboutus/research-srm,http://www.srmuniv.ac.in/gatewaystudents/index//aboutus/mess-rules,http://www.srmuniv.ac.in/gatewaystudents/index//aboutus/fee-structure,http://www.srmuniv.ac.in/gatewaystudents/index//node/6565,http://www.srmuniv.ac.in/gatewaystudents/index//research/othernanotechnology,http://www.srmuniv.ac.in/gatewaystudents/index//node/11615,http://www.srmuniv.ac.in/gatewaystudents/index//node/11454,http://www.srmuniv.ac.in/gatewaystudents/index//node/3828,http://www.srmuniv.ac.in/node/10292,http://www.srmuniv.ac.in/gatewaystudents/index/../academics/medicine,http://www.srmuniv.ac.in/gatewaystudents/index/../academics/management,http://www.srmuniv.ac.in/placement/index.html,http://srm.chronus.com/about,http://www.srmuniv.ac.in/event,http://www.srmuniv.ac.in/gatewaystudents/index/../acdemics/academic-achievements,http://www.srmuniv.ac.in/gatewaystudents/index/../aboutus/hostels-men,http://www.srmuniv.ac.in/gatewaystudents/index/../aboutus/hostels-women,http://csd.srmuniv.ac.in/csd/courses,http://csd.srmuniv.ac.in/csd/partners,http://www.srmuniv.ac.in/node/11644,http://www.srmuniv.ac.in/node/11009,http://www.srmuniv.ac.in/node/11848,http://evarsity.srmuniv.ac.in/srmswi/usermanager/youLogin.jsp,http://www.srmuniv.ac.in/gatewaystudents/index//node/11951
http://www.srmuniv.ac.in/gatewayparents/parents//gatewaystudents/index,http://www.srmuniv.ac.in/gatewayparents/parents//gatewayparents/parents,http://www.srmuniv.ac.in/gatewayparents/parents//node/668,http://srmcrm05.srmuniv.ac.in/DomesticAutoLogin/EpayRegistration.aspx,http://www.srmuniv.ac.in/University-News,http://www.srmuniv.ac.in/node/3118,http://www.srmuniv.ac.in/engineering/anti-ragging-0,http://mysrm.srmuniv.ac.in/mysrm/content/feedback,http://www.srmuniv.ac.in/virtual/tour/Engg/Index.html,http://www.srmuniv.ac.in/virtual/tour/Medicine/Index.html,http://www.srmuniv.ac.in/virtual/tour/SH/Index.html,http://www.srmuniv.ac.in/virtual/tour/Facilities/Index.html,http://www.srmuniv.ac.in/acdemics/contact-us
http://mysrm.srmuniv.ac.in/pressroom/,http://webmail.srmuniv.ac.in/,http://www.srmuniv.ac.in/aboutus/faculties-schools-and-departments//aboutus/administration,http://www.srmuniv.ac.in/aboutus/faculties-schools-and-departments//aboutus/faculties-schools-and-departments,http://www.srmuniv.ac.in/aboutus/faculties-schools-and-departments//aboutus/programs,http://www.srmuniv.ac.in/aboutus/faculties-schools-and-departments//aboutus/campus-view,http://www.srmuniv.ac.in/aboutus/faculties-schools-and-departments//aboutus/building-details,http://www.srmuniv.ac.in/aboutus/faculties-schools-and-departments//aboutus/housing,http://www.srmuniv.ac.in/aboutus/faculties-schools-and-departments//aboutus/who-can-apply,http://www.srmuniv.ac.in/aboutus/faculties-schools-and-departments//aboutus/how-and-when-apply,http://www.srmuniv.ac.in/aboutus/faculties-schools-and-departments//node/10053,http://www.srmuniv.ac.in/aboutus/faculties-schools-and-departments//node/10054,http://www.srmuniv.ac.in/aboutus/faculties-schools-and-departments//admission/financial-aid/scholarships,http://www.srmuniv.ac.in/aboutus/faculties-schools-and-departments//academics/medicine,http://www.srmuniv.ac.in/aboutus/faculties-schools-and-departments//academics/office-bearers,http://www.srmuniv.ac.in/aboutus/faculties-schools-and-departments//academics/contact,http://www.srmuniv.ac.in/aboutus/faculties-schools-and-departments//research/funded_research,http://www.srmuniv.ac.in/research_institute/index.html,http://www.srmuniv.ac.in/aboutus/faculties-schools-and-departments//aboutus/srm-focus,http://www.srmuniv.ac.in/aboutus/faculties-schools-and-departments//acdemics/overview,http://www.srmuniv.ac.in/aboutus/faculties-schools-and-departments//aboutus/research-institute,http://www.srmuniv.ac.in/aboutus/faculties-schools-and-departments//aboutus/resources,http://www.srmuniv.ac.in/aboutus/faculties-schools-and-departments//aboutus/non-printed-materials,http://www.srmuniv.ac.in/aboutus/faculties-schools-and-departments//aboutus/online-resources,http://www.srmuniv.ac.in/aboutus/faculties-schools-and-departments//aboutus/news,http://www.srmuniv.ac.in/aboutus/faculties-schools-and-departments//acdemics/general-discipline,http://www.srmuniv.ac.in/aboutus/faculties-schools-and-departments//acdemics/womens-hostel-floor-plan,http://www.srmuniv.ac.in/aboutus/faculties-schools-and-departments//aboutus/july-2011-october-2011,http://www.srmuniv.ac.in/aboutus/faculties-schools-and-departments//aboutus/srm-represented-un-delegation,http://www.srmuniv.ac.in/aboutus/faculties-schools-and-departments//node/5694,http://www.srmuniv.ac.in/aboutus/faculties-schools-and-departments/../medicine/college-of-medicine/College-of-Dentistry,http://www.srmuniv.ac.in/aboutus/faculties-schools-and-departments/../medicine/college-of-medicine/CollegeofDentistry,http://www.srmuniv.ac.in/aboutus/faculties-schools-and-departments/../medicine/college-of-medicine/College-of-Dentistry/about-the-department,http://www.srmuniv.ac.in/aboutus/faculties-schools-and-departments//node/3229,http://www.valliammai.co.in/,http://www.srmuniv.ac.in/aboutus/faculties-schools-and-departments//node/7251,http://www.srmuniversity.ac.in/,http://www.greenpearleducation.com,http://pinterest.com/srmunivofficial/
http://www.srmuniv.ac.in/ncr
http://www.srmuniv.ac.in/aboutus/welcome-srm-hostels//aboutus/automation-and-services,http://www.srmuniv.ac.in/aboutus/welcome-srm-hostels//aboutus/resource-sharing,http://www.srmuniv.ac.in/aboutus/welcome-srm-hostels//aboutus/rules-and-regulations,http://www.srmuniv.ac.in/aboutus/welcome-srm-hostels//aboutus/archives,http://www.srmuniv.ac.in/aboutus/welcome-srm-hostels//acdemics/mens-hostel-floor-plan,http://www.srmuniv.ac.in/aboutus/welcome-srm-hostels//acdemics/laurels-boston,http://www.srmeaswari.ac.in/,http://www.trpengg.ac.in/home.html
http://www.srmuniv.ac.in/aboutus/programs//node/6109,http://www.srmuniv.ac.in/aboutus/programs//node/6110,http://www.srmuniv.ac.in/aboutus/programs//node/6111,http://www.srmuniv.ac.in/aboutus/programs//node/4005,http://www.srmuniv.ac.in/aboutus/programs//node/4006,http://www.srmuniv.ac.in/aboutus/programs//node/4007,http://www.srmuniv.ac.in/aboutus/programs//node/4008
http://www.srmuniv.ac.in/aboutus/popup/srm_map.html,http://www.srmuniv.ac.in/aboutus/popup/kat_campus.html,http://www.srmuniv.ac.in/aboutus/popup/vadapalani_campus.html,http://www.srmuniv.ac.in/aboutus/popup/modi_campus.html,http://www.srmuniv.ac.in/aboutus/popup/trichy_campus.html,http://mysrm.srmuniv.ac.in/mysrm/entertainment,http://mysrm.srmuniv.ac.in/mysrm/places-visit,http://mysrm.srmuniv.ac.in/mysrm/restaurant
http://www.srmuniv.ac.in/aboutus/our-campus/../ramapuram-part-vadapalani
http://www.srmuniv.ac.in/aboutus/srm-university-where-you-have-freedom-take-wings//node/6177,http://www.srmuniv.ac.in/aboutus/srm-university-where-you-have-freedom-take-wings/?q=node/47,http://www.srmuniv.ac.in/aboutus/srm-university-where-you-have-freedom-take-wings/?q=node/49
http://www.srmuniv.ac.in/galleryimages/view/2780/srmcampus
http://www.srmuniv.ac.in/acdemics/laundry-services//node/7294,http://www.srmuniv.ac.in/acdemics/laundry-services//node/10527,http://www.srmuniv.ac.in/acdemics/laundry-services//node/10526,http://www.srmuniv.ac.in/acdemics/laundry-services//node/10528
http://www.srmuniv.ac.in/iqac/information-in-public-interest/../node/5945
http://evarsity.srmuniv.ac.in/preenrollment/indexadmin.jsp,http://hostel.srmuniv.ac.in/srmhostel/
http://www.srmuniv.ac.in/iqac/internal-quality-assurance-cell//iqac/internal-qualty-assurance-cell,http://www.srmuniv.ac.in/iqac/internal-quality-assurance-cell//node/6233,http://www.srmuniv.ac.in/iqac/internal-quality-assurance-cell//node/10529
http://www.srmuniv.ac.in/node/6361//iiic/mous-and-agreements,http://www.srmuniv.ac.in/node/6361//iiic/continuing-education-programme,http://www.srmuniv.ac.in/node/6361//iiic/visiting-faculty-scheme,http://www.srmuniv.ac.in/iiic/ibm/default.html,http://www.srmuniv.ac.in/node/6361/mailto:dean.iiic@srmuniv.ac.in
http://www.srmuniv.ac.in/aboutus/student-accommodation/contactus/mailto:director.cl@srmuniv.ac.in,http://ganesh.ks@ktr.srmuniv.ac.in
http://www.srmuniv.ac.in/applicationclosed/international.html
http://www.srmuniv.ac.in/node/11270,http://www.srmuniv.ac.in/node/10804,http://www.srmuniv.ac.in/node/10777,http://www.srmuniv.ac.in/node/10494,http://www.srmuniv.ac.in/node/7226,http://www.srmuniv.ac.in/node/7191,http://www.srmuniv.ac.in/node/7190,http://www.srmuniv.ac.in/node/3834,http://www.srmuniv.ac.in/node/3833,http://www.srmuniv.ac.in/acdemics/other-achievements//node/7231,http://www.srmuniv.ac.in/acdemics/other-achievements//node/6173,http://www.srmuniv.ac.in/acdemics/other-achievements//node/3544,http://www.srmuniv.ac.in/acdemics/other-achievements//node/3547,http://www.srmuniv.ac.in/acdemics/other-achievements//node/3549,http://www.srmuniv.ac.in/acdemics/other-achievements//node/55,http://www.srmuniv.ac.in/acdemics/other-achievements//node/3551
http://www.srmuniv.ac.in/node/11746,http://www.srmuniv.ac.in/acdemics/srm-student-bags-%E2%80%9Csener-scholarship%E2%80%9D,http://www.srmuniv.ac.in/node/11416,http://www.srmuniv.ac.in/node/11160,http://www.srmuniv.ac.in/node/11001,http://www.srmuniv.ac.in/node/10877,http://www.srmuniv.ac.in/node/10780,http://www.srmuniv.ac.in/node/10544,http://www.srmuniv.ac.in/node/10539,http://www.srmuniv.ac.in/node/10460,http://www.srmuniv.ac.in/node/10321,http://www.srmuniv.ac.in/node/9589,http://www.srmuniv.ac.in/node/9071,http://www.srmuniv.ac.in/node/7489,http://www.srmuniv.ac.in/node/7465,http://www.srmuniv.ac.in/node/7217,http://www.srmuniv.ac.in/node/3836,http://www.srmuniv.ac.in/node/3832,http://www.srmuniv.ac.in/node/10344,http://www.srmuniv.ac.in/acdemics/academic-achievements//node/9884,http://www.srmuniv.ac.in/acdemics/academic-achievements//node/9329,http://www.srmuniv.ac.in/acdemics/academic-achievements//node/9348,http://www.srmuniv.ac.in/acdemics/academic-achievements//node/8012,http://www.srmuniv.ac.in/acdemics/academic-achievements//node/7180,http://www.srmuniv.ac.in/acdemics/academic-achievements//node/3548,http://www.srmuniv.ac.in/acdemics/academic-achievements//node/3550,http://www.srmuniv.ac.in/acdemics/academic-achievements//node/3554,http://www.srmuniv.ac.in/acdemics/academic-achievements//node/3558,http://www.srmuniv.ac.in/acdemics/academic-achievements//node/3560,http://www.srmuniv.ac.in/acdemics/academic-achievements//node/3561,http://www.srmuniv.ac.in/acdemics/academic-achievements//node/3562,http://www.srmuniv.ac.in/acdemics/academic-achievements//node/3563,http://www.srmuniv.ac.in/acdemics/academic-achievements//node/3566,http://www.srmuniv.ac.in/acdemics/academic-achievements/about_us.php?page=harvard_mun2012,http://www.srmuniv.ac.in/acdemics/academic-achievements//node/3567,http://www.srmuniv.ac.in/acdemics/academic-achievements//node/3568,http://www.srmuniv.ac.in/acdemics/academic-achievements//node/3570,http://www.srmuniv.ac.in/acdemics/academic-achievements//node/3572,http://www.srmuniv.ac.in/acdemics/academic-achievements//node/3576
http://www.srmalumni.com/srmalumni///srmalumni/jsp/index.jsp,http://www.srmalumni.com/srmalumni///srmalumni/jsp/IndexChapters.jsp,http://www.srmalumni.com/srmalumni///srmalumni/jsp/Index_Contribution.jsp,http://www.srmalumni.com/srmalumni///srmalumni/jsp/Index_contact_us.jsp,http://www.srmalumni.com/srmalumni///srmalumni/jsp/FaqIndex.jsp,http://www.srmalumni.com/srmalumni///srmalumni/jsp/IndexSitemap.jsp,http://www.srmalumni.com/srmalumni///srmalumni/jsp/RegistrationStepOne.jsp,http://www.srmalumni.com/srmalumni///srmalumni/jsp/IndexGallery.jsp,http://www.srmalumni.com/srmalumni///srmalumni/jsp/IndexHappenings.jsp,http://www.srmalumni.com/srmalumni///srmalumni/jsp/IndexEvents.jsp?eventlistid=12,http://www.srmalumni.com/srmalumni///srmalumni/jsp/IndexAchievements.jsp,http://www.srmalumni.com/srmalumni///srmalumni/jsp/Job_List.jsp,http://www.srmalumni.com/srmalumni///srmalumni/jsp/UserNewsletter.jsp,http://www.linkedin.com/in/srmuniversity
http://mysrm.srmuniv.ac.in/ir/content/twining-transfer-degree//ir/prospective-international-students/why-srm,http://mysrm.srmuniv.ac.in/ir/content/twining-transfer-degree//ir/programs,http://mysrm.srmuniv.ac.in/ir/content/twining-transfer-degree//ir/how-to-apply,http://mysrm.srmuniv.ac.in/ir/content/twining-transfer-degree//ir/how-to-apply/step-wise-procedure,http://mysrm.srmuniv.ac.in/ir/content/twining-transfer-degree//ir/fees,http://mysrm.srmuniv.ac.in/ir/content/twining-transfer-degree//ir/arrival-and-orientation,http://mysrm.srmuniv.ac.in/ir/content/twining-transfer-degree//ir/arrival-resources,http://mysrm.srmuniv.ac.in/ir/content/twining-transfer-degree//ir/international-student-statistics,http://mysrm.srmuniv.ac.in/ir/content/twining-transfer-degree//ir/current-international-students,http://mysrm.srmuniv.ac.in/ir/content/twining-transfer-degree//ir/international-advisory-board,http://mysrm.srmuniv.ac.in/ir/content/twining-transfer-degree//ir/partnerships,http://mysrm.srmuniv.ac.in/ir/content/twining-transfer-degree//ir/,http://mysrm.srmuniv.ac.in/ir/content/twining-transfer-degree//ir/content/twining-transfer-degree,http://mysrm.srmuniv.ac.in/ir/content/twining-transfer-degree//ir/content/dual-degree,http://mysrm.srmuniv.ac.in/ir/content/twining-transfer-degree//ir/content/inward-mobility,http://mysrm.srmuniv.ac.in/ir/content/twining-transfer-degree//ir/faculty-abroad-program,http://mysrm.srmuniv.ac.in/ir/content/twining-transfer-degree//ir/full-time-foreign-faculty,http://mysrm.srmuniv.ac.in/ir/content/twining-transfer-degree//ir/inviting-support,http://mysrm.srmuniv.ac.in/ir/content/twining-transfer-degree//ir/ways-gift,http://mysrm.srmuniv.ac.in/ir/content/twining-transfer-degree//ir/content/outbound-mobility,http://mysrm.srmuniv.ac.in/ir/content/twining-transfer-degree//ir/content/out-bound
http://www.srmuniv.ac.in/academics/science-and-humanities//node/3134,http://www.srmuniv.ac.in/academics/science-and-humanities/../science-and-humanities/school-of-computer-sciences/computer-science,http://www.srmuniv.ac.in/academics/science-and-humanities//node/3146,http://www.srmuniv.ac.in/academics/science-and-humanities//node/3148,http://www.srmuniv.ac.in/academics/science-and-humanities//node/3150,http://www.srmuniv.ac.in/academics/science-and-humanities//node/10237,http://www.srmuniv.ac.in/academics/science-and-humanities//node/3577,http://www.srmuniv.ac.in/academics/science-and-humanities/../science-and-humanities/school-of-media-studies/srm-sivaji-ganesan-film-institute,http://www.srmuniv.ac.in/academics/science-and-humanities//node/4655,http://www.srmuniv.ac.in/academics/science-and-humanities//node/199,http://www.srmuniv.ac.in/academics/science-and-humanities//node/201,http://www.srmuniv.ac.in/academics/science-and-humanities//node/4013,http://www.srmuniv.ac.in/academics/science-and-humanities//node/3153,http://www.srmuniv.ac.in/academics/science-and-humanities//node/3155,http://www.srmuniv.ac.in/academics/science-and-humanities//node/3157,http://www.srmuniv.ac.in/academics/science-and-humanities//node/3158,http://www.srmuniv.ac.in/academics/science-and-humanities//node/3159,http://www.srmuniv.ac.in/academics/science-and-humanities//node/10835,http://www.srmuniv.ac.in/academics/science-and-humanities//node/5063
http://admissions.srmuniv.ac.in/admissions_india/fee-details-hostel-fees,http://admissions.srmuniv.ac.in/admissions_international/hostel-fee,http://admissions.srmuniv.ac.in/enroll/transport/bus-routes
http://www.srmuniv.ac.in/academics/medicine//academics/medical-college-hospital-and-research-centre,http://www.srmuniv.ac.in/academics/medicine//academics/dental-college-and-hospital,http://www.srmuniv.ac.in/academics/medicine//academics/health-sciences,http://www.srmuniv.ac.in/academics/medicine/../node/3477,http://www.srmuniv.ac.in/node/11672,http://www.srmuniv.ac.in/node/11317,http://www.srmuniv.ac.in/academics/medicine/../node/3438,http://www.srmuniv.ac.in/academics/medicine/../node/3465,http://www.srmuniv.ac.in/academics/medicine/../node/3468,http://www.srmuniv.ac.in/node/11670,http://www.srmuniv.ac.in/node/11671,http://www.srmuniv.ac.in/academics/medicine//node/11122,http://www.srmuniv.ac.in/academics/medicine/../node/3482,http://www.srmuniv.ac.in/academics/medicine//node/10980,http://www.srmuniv.ac.in/academics/medicine/../node/3534,http://ejournal.srmuniv.ac.in/ojs/index.php/mediscience,http://www.srmuniv.ac.in/academics/medicine//node/11016,http://www.srmuniv.ac.in/academics/medicine//node/11018
http://mse.isri.cmu.edu/software-engineering/web5-faculty/Core%20Faculty.html
http://www.srmuniv.ac.in/node/10053//node/11115,http://mse.isri.cmu.edu/software-engineering/Courses/17-654-analysis-of-software-artifacts.html,https://enr-apps.as.cmu.edu/open/SOC/SOCServlet/search,http://mse.isri.cmu.edu/software-engineering/Courses/17-678-msit-project-ii.html,http://hbswk.hbs.edu/archive/3660.html
http://www.srmuniv.ac.in/academics/management//node/4636,http://www.srmuniv.ac.in/academics/management//node/6425,http://www.srmuniv.ac.in/node/11686,http://www.srmuniv.ac.in/node/11692,http://www.srmuniv.ac.in/academics/management//node/483,http://www.srmuniv.ac.in/academics/management/../management/school-of-management/academics/programmes-Offered/mba/marketing,http://www.srmuniv.ac.in/academics/management/../management/school-of-management,http://www.srmuniv.ac.in/academics/management/../management/school-of-management/academics/programmes-Offered/mba/hrm,http://www.srmuniv.ac.in/academics/management/../management/school-of-management/academics/programmes-Offered/mba/systems,http://www.srmuniv.ac.in/academics/management/../management/school-of-management/academics/programmes-Offered/mba/operations,http://www.srmuniv.ac.in/academics/management//node/10268,http://www.srmuniv.ac.in/academics/management//node/10269,http://www.srmuniv.ac.in/academics/management//node/10271,http://www.srmuniv.ac.in/academics/management//node/10273,http://www.srmuniv.ac.in/academics/management//node/10274,http://ejournal.srmuniv.ac.in/ojs/index.php/index/index
https://applygrad.cs.cmu.edu/apply/index.php?domain=62,http://www.srmuniv.ac.in/node/10054/mailto:admission.mist@srmuniv.ac.in,http://www.srmuniv.ac.in/node/10054/mailto:admission.msit@srmuniv.ac.in
http://www.srmuniv.ac.in/academics/iste_chapter_activities//admission/iste-srm-international-journal-publications
https://www.facebook.com/MuthucharamCr904?ref=hl,http://www.srmuniv.ac.in/muthucharam//index.php,http://www.srmuniv.ac.in/muthucharam//tuberculosis-event.php,http://www.srmuniv.ac.in/muthucharam//special-programmes.php,http://www.srmuniv.ac.in/muthucharam//team.php,http://www.srmuniv.ac.in/muthucharam//contact.php,http://www.adobe.com/go/getflashplayer,http://www.srmuniv.ac.in/muthucharam//archives.php
http://mysrm.srmuniv.ac.in/cenr/,http://www.srmuniv.ac.in/engineering/cacr/index.htm,http://www.srmuniv.ac.in/IIISM/index.html,http://www.srmuniv.ac.in/research/research//research/phd_awarded,http://www.srmuniv.ac.in/research/research//research/faculty-publication,http://www.srmuniv.ac.in/research/research//research/car_projects,http://www.srmuniv.ac.in/research/research//research/students_publication,http://www.srmuniv.ac.in/research/research//research/bioengineering,http://www.srmuniv.ac.in/research/research/../engineering/cacr/index.htm,http://www.srmuniv.ac.in/erc/index.html,http://www.srmuniv.ac.in/Medical_Research/index.html,http://mysrm.srmuniv.ac.in/bio-ethics/home,http://www.srmuniv.ac.in/research/research//node/641,http://www.srmuniv.ac.in/research/research//node/632,http://www.srmuniv.ac.in/research/research//node/637
http://www.srmuniv.ac.in/campus/publicservice//engineering/anti-ragging-0
http://www.srmuniv.ac.in/campus/caste_discrimination/../campus_connect/spectrum
http://www.srmuniv.ac.in/node/725,http://www.srmuniv.ac.in/node/11713,http://www.srmuniv.ac.in/node/11714
http://www.abet.org,http://www.abet.org/
http://www.srmuniv.ac.in/campus/campus//node/645,http://www.srmuniv.ac.in/campus/campus//node/646,http://www.srmuniv.ac.in/campus/campus//node/647,http://www.srmuniv.ac.in/campus/campus//node/648,http://www.srmuniv.ac.in/campus/campus//node/649
http://www.srmuniv.ac.in/research/phd_research//downloads/list_indexed_journals.xlsx
http://www.srmuniv.ac.in/research/funded_research//research/undergraduate_research,http://www.srmuniv.ac.in/research/funded_research//research/research_publication
http://www.srmuniv.ac.in/placement/statistics_2014.html/index.html,http://www.srmuniv.ac.in/placement/statistics_2014.html/team.html,http://www.srmuniv.ac.in/placement/statistics_2014.html/recruiters-speak.html,http://www.srmuniv.ac.in/placement/statistics_2014.html/our-patrons.html,http://www.srmuniv.ac.in/placement/statistics_2014.html/contact.html,http://www.amazon.in/,http://www.hitachiconsulting.com/,http://codebrahma.com/,http://www.unisys.com/,http://www.igate.com/,http://www.kpit.com/,http://www.tatacommunications.com/,http://www.larsentoubro.com/,http://www.mahindra.com/,http://www.fujixerox.co.jp/eng/,http://www.ey.com/
http://admissions.srmuniv.ac.in/admissions_india/home#main-content-area,http://admissions.srmuniv.ac.in/admissions_india,http://admissions.srmuniv.ac.in/admissions_india/content/how-apply,http://admissions.srmuniv.ac.in/admissions_india/how-to-apply/direct,https://play.google.com/store/apps/details?id=com.srm.btech,http://admissions.srmuniv.ac.in/admissions_india/fee-refund,http://admissions.srmuniv.ac.in/admissions_india/counseling,http://admissions.srmuniv.ac.in/admissions_india/important-dates,http://admissions.srmuniv.ac.in/admissions_india/courses-offered/science-and-humanities,http://admissions.srmuniv.ac.in/admissions_india/campus-life/student-diversity,http://admissions.srmuniv.ac.in/admissions_india/campus-life/athletics-and-fitness,http://admissions.srmuniv.ac.in/admissions_india/contact,http://admissions.srmuniv.ac.in/admissions_india/node/134,http://admissions.srmuniv.ac.in/admissions_international/adm_2014/node/41,http://admissions.srmuniv.ac.in/admissions_india/srmcat_2015,http://admissions.srmuniv.ac.in/admissions_india/content/srmjeee-2015-0,http://admissions.srmuniv.ac.in/admissions_india/feedetails,http://admissions.srmuniv.ac.in/admissions_india/content/medicine-health-sciences,http://admissions.srmuniv.ac.in/admissions_international/adm_2014/node/48,http://evarsity.srmuniv.ac.in/srmwebonline/campusvisit/CampusVisitRegistration.jsp,http://admissions.srmuniv.ac.in/admissions_international/adm_2014/node/45,http://apply.srmuniv.ac.in/srmmbaapp,http://counseling.srmuniv.ac.in/srmmba/,http://apply.srmuniv.ac.in/srmmbaapp/,http://apply.srmuniv.ac.in/srmnonentapp/,http://admissions.srmuniv.ac.in/admissions_india/node/614,http://admissions.srmuniv.ac.in/admissions_india/maps-and-directions,http://admissions.srmuniv.ac.in/admissions_india/faqs
http://apply.srmuniv.ac.in/srmmtechapp/LoginPage.jsp,http://admissions.srmuniv.ac.in/admissions_india/Admission-Procedure/Overview,http://admissions.srmuniv.ac.in/admissions_india/Eligibility,http://admissions.srmuniv.ac.in/admissions_india/srmeee-2015,http://admissions.srmuniv.ac.in/admissions_india/Courses-Offered,http://www.srmuniv.ac.in/10th_convocation/,http://mysrm.srmuniv.ac.in/igc/node/6,http://www.srmuniv.ac.in/9th_convocation/,http://www.youtube.com/watch?v=AtvitQOrE3E,http://apply.srmuniv.ac.in/srmbtechapp,http://www.srmuniv.ac.in/admissions/india/closed.htm,http://admissions.srmuniv.ac.in/admissions_india/srmgeet_2015,http://admissions.srmuniv.ac.in/admissions_india/courses-offered/management,http://admissions.srmuniv.ac.in/admissions_india/fee-details/management,http://admissions.srmuniv.ac.in/admissions_india/content/science-humanities,http://www.srmuniv.ac.in/downloads_flipbook/university_info/#/0
http://apply.srmuniv.ac.in/srmnonentapp/LoginPage.jsp,http://admissions.srmuniv.ac.in/admissions_india/Courses-Offered/Engineering-and-Technology,http://admissions.srmuniv.ac.in/admissions_india/content/all-other-programs-0,http://admissions.srmuniv.ac.in/admissions_india/courses-offered/medicine-and-health-sciences,http://admissions.srmuniv.ac.in/admissions_india/srmee2014/downloads
http://soc.srmuniv.ac.in/SOC///SOC/,http://soc.srmuniv.ac.in/SOC///SOC/Events,http://soc.srmuniv.ac.in/SOC///SOC/houses,http://soc.srmuniv.ac.in/SOC///SOC/my-friends-forum,http://soc.srmuniv.ac.in/SOC/events/aaruush13-inauguration,http://soc.srmuniv.ac.in/SOC/events/josh,http://soc.srmuniv.ac.in/SOC/events/milan,http://soc.srmuniv.ac.in/SOC//clubs/Adventure,http://soc.srmuniv.ac.in/SOC//clubs/aeromodelling,http://soc.srmuniv.ac.in/SOC//clubs/dance,http://soc.srmuniv.ac.in/SOC//clubs/entrepreneurship,http://soc.srmuniv.ac.in/SOC//clubs/environment,http://soc.srmuniv.ac.in/SOC//clubs/literature,http://soc.srmuniv.ac.in/SOC//clubs/music,http://soc.srmuniv.ac.in/SOC//clubs/sports,http://soc.srmuniv.ac.in/SOC//clubs/movie-drama-mad,http://soc.srmuniv.ac.in/SOC//clubs/photography,http://soc.srmuniv.ac.in/SOC//clubs/social-club-scope,http://soc.srmuniv.ac.in/SOC//clubs/yes-plus-club,https://www.linkedin.com/nhome/
http://www.cmu.edu/index.shtml
http://www.srmus.ac.in///node/6,https://webmail.srmus.ac.in/,http://www.srmus.ac.in///node/23,http://www.srmus.ac.in///node/1,http://www.srmus.ac.in///node/2,http://www.srmus.ac.in///node/3,http://www.srmus.ac.in/leadership,http://www.srmus.ac.in///visitor,http://www.srmus.ac.in///content/board-governors,http://www.srmus.ac.in///node/25,http://www.srmus.ac.in///content/finance-committee,http://www.srmus.ac.in///node/20,http://www.srmus.ac.in///node/13,http://www.srmus.ac.in///node/5,http://www.srmus.ac.in///node/21,http://www.srmus.ac.in///node/19,http://www.srmus.ac.in///node/32,http://www.srmus.ac.in///node/34,http://www.srmus.ac.in///node/7,http://www.srmus.ac.in///node/24,http://www.srmus.ac.in///node/36,http://www.srmus.ac.in///node/37,http://www.srmus.ac.in///node/39,http://www.srmus.ac.in///content/board-management,http://www.srmus.ac.in///node/18,http://www.srmus.ac.in///node/14,http://www.srmus.ac.in///school-education,http://www.srmus.ac.in///node/27,http://www.srmus.ac.in///node/50,http://www.srmus.ac.in///content/hostel,http://www.srmus.ac.in///content/admission-open-all-courses-srm-university-sikkim,http://www.srmus.ac.in///content/srm-university-sikkim-inauguration-videos,http://www.srmus.ac.in/news-and-media,http://www.srmus.ac.in///content/university-examination-result-second-semester,http://www.srmus.ac.in///content/issue-application-starts-february-1-2015-academic-year-2015-16,http://www.srmus.ac.in///content/ugc-proforma,http://www.srmus.ac.in///content/applications-invited-faculty-positions-srm-unversity-sikkim,http://www.srmus.ac.in/announcements,http://www.srmus.ac.in///content/management-meet-juvenis-2015-sikkim-university-0,http://www.srmus.ac.in///sports-and-cultural-day,http://www.srmus.ac.in/events/upcoming
http://feekart.srmuniv.ac.in/srmeec/,http://www.facebook.com/sharer.php?u=http://srmuniv.ac.in/node/11690,http://twitter.com/home?status=SRMJEEE Counseling 2015http://srmuniv.ac.in/node/11690
http://www.laureate.net/,http://www.wzb.eu/en,http://www.pitt.edu/,http://www.usc.edu/,http://www.cam.ac.uk/,http://www.uts.edu.au/,http://www.northeastern.edu/,http://www.hku.hk/,http://brighamandwomens.org/,http://www.buffalo.edu/,http://www4.uwm.edu/,http://www.tamu.edu/,http://www.mbs.ac.uk/,http://www.jhu.edu/,http://www4.lehigh.edu/default.aspx,http://www.u-tokai.ac.jp/international/index.html,http://www.simtech.a-star.edu.sg/,http://www.queensu.ca/,http://www.columbia.edu/,http://www2.lse.ac.uk/home.aspx,http://www.miami.edu/,http://www.psu.edu/,http://www.hs-weingarten.de/web/willkommen/startseite,http://www.cornell.edu/,http://www.msu.edu/,http://www.berkeley.edu/index.html,http://www.hbs.edu/Pages/default.aspx,http://www.njit.edu/,http://www.unimelb.edu.au/,http://www.stanford.edu/,http://www.bu.edu/,http://web.mit.edu/,http://www.wales.nhs.uk/,http://www.nus.edu.sg/
http://www.srmuniv.ac.in/engineering/anti-ragging/mailto:sridhar.k@ktr.srmuniv.ac.in,http://www.srmuniv.ac.in/engineering/anti-ragging/mailto:gladson.c@ktr.srmuniv.ac.in,http://www.srmuniv.ac.in/engineering/anti-ragging/mailto:preethi.sa@ktr.srmuniv.ac.in,http://www.srmuniv.ac.in/engineering/anti-ragging/mailto:sankari.biotech09@gmail.com,http://www.srmuniv.ac.in/engineering/anti-ragging/mailto:damodharan.n@ktr.srmuniv.ac.in,http://www.srmuniv.ac.in/engineering/anti-ragging/mailto:jayasutha.j@ktr.srmuniv.ac.in,http://www.srmuniv.ac.in/engineering/anti-ragging/mailto:akila.a@ktr.srmuniv.ac.in,http://www.srmuniv.ac.in/engineering/anti-ragging/mailto:tamilselvi.d@ktr.srmuniv.ac.in,http://www.srmuniv.ac.in/engineering/anti-ragging/mailto:Damodharan.n@ktr.srmuniv.ac.in,http://www.srmuniv.ac.in/engineering/anti-ragging/mailto:Magesh.k@ktr.srmuniv.ac.in,http://www.srmuniv.ac.in/engineering/anti-ragging/mailto:elangovan.t@ktr.srmuiniv.ac.in,http://www.srmuniv.ac.in/engineering/anti-ragging/mailto:saravanan.av.@ktr.srmuniv.ac.in,http://www.srmuniv.ac.in/engineering/anti-ragging/mailto:Pradeepkumar.y.@srmuniv.ac.in,http://www.srmuniv.ac.in/engineering/anti-ragging/mailto:dean.medical@ktr.srmuniv.ac.in,http://www.srmuniv.ac.in/engineering/anti-ragging/mailto:Sundaravadivelu.v@ktr.srmuniv.ac.in,http://www.srmuniv.ac.in/engineering/anti-ragging/mailto:Hod.mba@ncr.srmuniv.ac.in,http://www.srmuniv.ac.in/engineering/anti-ragging/mailto:Dean.et@rmp.srmuniv.ac.in,http://www.srmuniv.ac.in/engineering/anti-ragging/mailto:hod.mech@rmp.srmuinv.ac.in,http://www.srmuniv.ac.in/engineering/anti-ragging/mailto:hod.cse@rmp.srmuniv.ac.in,http://www.srmuniv.ac.in/engineering/anti-ragging/mailto:hod.mca@rmp.srmuniv.ac.in,http://www.srmuniv.ac.in/engineering/anti-ragging/mailto:indira.k@vdpsrmuniv.ac.in,http://www.srmuniv.ac.in/engineering/anti-ragging/mailto:sabarinathan.s@vdp.srmuniv.ac.in,http://www.srmuniv.ac.in/engineering/anti-ragging/mailto:jayashree.v@vdp.srmuniv.ac.in,http://www.srmuniv.ac.in/engineering/anti-ragging/mailto:ramachandran.k@vdp.srmuniv.ac.in,http://www.srmuniv.ac.in/engineering/anti-ragging/mailto:jagannathan.k.@vdp.srmuniv.ac.in,http://www.srmuniv.ac.in/engineering/anti-ragging/mailto:bhavani.k@vdp.srmuinv.ac.in,http://www.srmuniv.ac.in/engineering/anti-ragging/mailto:aravind.s@vdp.srmuniv.ac.in,http://www.srmuniv.ac.in/engineering/anti-ragging/mailto:malathi.t@vdp.srmuniv.ac.in,http://www.srmuniv.ac.in/engineering/anti-ragging/mailto:baskaran.b@vdp.srmuniv.ac.in,http://www.srmuniv.ac.in/engineering/anti-ragging/mailto:balamurugan.j@vdp.srmuniv.ac.in,http://www.srmuniv.ac.in/engineering/anti-ragging/mailto:rathinakumar.p@vdp.srmuniv.ac.in,http://www.srmuniv.ac.in/engineering/anti-ragging/mailto:hod.cse@ktr.srmuniv.ac.in,http://www.srmuniv.ac.in/engineering/anti-ragging/mailto:revathi.n@ktr.srmuniv.ac.in,http://www.srmuniv.ac.in/engineering/anti-ragging/mailto:balachander.t@ktr.srmuniv.ac.in,http://www.srmuniv.ac.in/engineering/anti-ragging/mailto:Karthik.sa@ktr.srmuniv.ac.in,http://www.srmuniv.ac.in/engineering/anti-ragging/mailto:sabhanaygam.t@ktr.srmuniv.ac.in,http://www.srmuniv.ac.in/engineering/anti-ragging/mailto:Vadivu.g@ktr.srmuniv.ac.in,http://www.srmuniv.ac.in/engineering/anti-ragging/mailto:Srinivas.l@ktr.srmuniv.ac.in,http://www.srmuniv.ac.in/engineering/anti-ragging/mailto:Magesh.s@ktr.srmuniv.ac.in,http://www.srmuniv.ac.in/engineering/anti-ragging/mailto:Jeyabharathi.g@ktr.srmuniv.ac.in,http://www.srmuniv.ac.in/engineering/anti-ragging/mailto:hod.eie@ktr.srmuniv.ac.in,http://www.srmuniv.ac.in/engineering/anti-ragging/mailto:joselin.rk@ktr.srmuniv.ac.in,http://www.srmuniv.ac.in/engineering/anti-ragging/mailto:sunitha.k@kt.srmuniv.ac.in,http://www.srmuniv.ac.in/engineering/anti-ragging/mailto:asuntha.a@ktr.srmuniv.ac.in,http://www.srmuniv.ac.in/engineering/anti-ragging/mailto:jegan.p@ktr.srmuniv.ac.in,http://www.srmuniv.ac.in/engineering/anti-ragging/mailto:vinothkumar.b@ktr.srmuniv.ac.in,http://www.srmuniv.ac.in/engineering/anti-ragging/mailto:mydhili.p@ktr.srmuniv.ac.in,http://www.srmuniv.ac.in/engineering/anti-ragging/mailto:sharanya.s@ktr.srmuniv.ac.in,http://www.srmuniv.ac.in/engineering/anti-ragging/mailto:sasikala.r@ktr.srmuniv.ac.in,http://www.srmuniv.ac.in/engineering/anti-ragging/mailto:gunasekaran.k@ktr.srmuniv.ac.in,http://www.srmuniv.ac.in/engineering/anti-ragging/mailto:thamilarasu.r@ktr.srmuniv.ac.in,http://www.srmuniv.ac.in/engineering/anti-ragging/mailto:jagannathan.p@ktr.srmuniv.ac.in,http://www.srmuniv.ac.in/engineering/anti-ragging/mailto:senthilkumar.go@ktr.srmuniv.ac.in,http://www.srmuniv.ac.in/engineering/anti-ragging/mailto:manimaran.as@ktr.srmuniv.ac.in,http://www.srmuniv.ac.in/engineering/anti-ragging/mailto:rajikumar.r@ktr.srmuniv.ac.in,http://www.srmuniv.ac.in/engineering/anti-ragging/mailto:Joshuadamoe.a@ktr.srmuniv.ac.in,http://www.srmuniv.ac.in/engineering/anti-ragging/mailto:chandrasekaran.p@ktr.srmuniv.ac.in,http://www.srmuniv.ac.in/engineering/anti-ragging/mailto:sakthivel.s@ktr.srmuniv.ac.in,http://www.srmuniv.ac.in/engineering/anti-ragging/mailto:sethupathi.b@ktr.srmuniv.ac.in,http://www.srmuniv.ac.in/engineering/anti-ragging/mailto:palanisamy.s@ktr.srmuniv.ac.in,http://www.srmuniv.ac.in/engineering/anti-ragging/mailto:srinivasagan.m@ktr.srmuniv.ac.in,http://www.srmuniv.ac.in/engineering/anti-ragging/mailto:ganapathy.l@ktr.srmuniv.ac.in,http://www.srmuniv.ac.in/engineering/anti-ragging/mailto:lakshmanan.c@ktr.srmuniv.ac.in,http://www.srmuniv.ac.in/engineering/anti-ragging/mailto:geetha.k@ktr.srmuniv.ac.i,http://www.srmuniv.ac.in/engineering/anti-ragging/mailto:swetha.k@ktr.srmuniv.ac.in,http://www.srmuniv.ac.in/engineering/anti-ragging/mailto:yogapriya.g@ktr.srmuniv.ac.in,http://www.srmuniv.ac.in/engineering/anti-ragging/mailto:sharmila.su@ktr.srmuniv.ac.in,http://www.srmuniv.ac.in/engineering/anti-ragging/mailto:sujithkumar.e@ktr.srmuniv,http://www.srmuniv.ac.in/engineering/anti-ragging/mailto:vidhyasagar.g@ktr.srmuniv.ac.in,http://www.srmuniv.ac.in/engineering/anti-ragging/mailto:ramesh.n@ktr.srmuniv.ac.in,http://www.srmuniv.ac.in/engineering/anti-ragging/mailto:preethi.s@ktr.srmuniv.ac.in,http://www.srmuniv.ac.in/engineering/anti-ragging/mailto:susetha.n@ktr.srmuniv.ac.in,http://www.srmuniv.ac.in/engineering/anti-ragging/mailto:banuchitra.m@ktr.srmuniv.ac.in,http://www.srmuniv.ac.in/engineering/anti-ragging/mailto:srinath.v@ktr.srmuniv.ac.in,http://www.srmuniv.ac.in/engineering/anti-ragging/mailto:Sanjayakumar.k@ktr.srmuniv.ac.in,http://www.srmuniv.ac.in/engineering/anti-ragging/mailto:Jesugodwin.d@ktr.srmuniv.ac.in,http://www.srmuniv.ac.in/engineering/anti-ragging/mailto:jegatheesan.r@ktr.srmuniv.ac.in,http://www.srmuniv.ac.in/engineering/anti-ragging/mailto:boopathi.cs@ktr.srmuniv.ac.in,http://www.srmuniv.ac.in/engineering/anti-ragging/mailto:vidyasagar.s@ktr.srmuniv.ac.in,http://www.srmuniv.ac.in/engineering/anti-ragging/mailto:santhoshkumar.g@ktr.srmuniv.ac.in,http://www.srmuniv.ac.in/engineering/anti-ragging/mailto:sujitha.c@ktr.srmuniv.ac.in,http://www.srmuniv.ac.in/engineering/anti-ragging/mailto:arunapriya.p@ktr.srmuniv.ac.in,http://www.srmuniv.ac.in/engineering/anti-ragging/mailto:kalimuthu.k@ktr.srmuniv.ac.in,http://www.srmuniv.ac.in/engineering/anti-ragging/mailto:ragavendran.u@ktr.srmuniv.ac.in,http://www.srmuniv.ac.in/engineering/anti-ragging/mailto:subhashini.j@ktr.srmuniv.ac.in,http://www.srmuniv.ac.in/engineering/anti-ragging/mailto:diwakar.r@ktr.srmuniv.ac.in,http://www.srmuniv.ac.in/engineering/anti-ragging/mailto:hod.itce@ktr.srmuniv.ac.in,http://www.srmuniv.ac.in/engineering/anti-ragging/mailto:vijayan.k@ktr.srmuniv.ac.in,http://www.srmuniv.ac.in/engineering/anti-ragging/mailto:ranjani.s@ktr.srmuniv.ac.in,http://www.srmuniv.ac.in/engineering/anti-ragging/mailto:ramkishore.v@ktr.srmuniv.ac.in,http://www.srmuniv.ac.in/engineering/anti-ragging/mailto:vimalajuliet.a@ktr.srmuniv.ac.in,http://www.srmuniv.ac.in/engineering/anti-ragging/mailto:dominicsavio.a@ktr.srmuniv.ac.in,http://www.srmuniv.ac.in/engineering/anti-ragging/mailto:bakiyalakshmi.r@ktr.srmuniv.ac.in,http://www.srmuniv.ac.in/engineering/anti-ragging/mailto:jeyashree.y@ktr.srmuniv.ac.in,http://www.srmuniv.ac.in/engineering/anti-ragging/mailto:dean.biotech@ktr.rmuniv.ac.in,http://www.srmuniv.ac.in/engineering/anti-ragging/mailto:santosh.sw@ktr.srmuniv.ac.in,http://www.srmuniv.ac.in/engineering/anti-ragging/mailto:jaiganesh.r@ktr.srmuniv.ac.in,http://www.srmuniv.ac.in/engineering/anti-ragging/mailto:sivashankari.t@ktr.srmuniv.ac.in,http://www.srmuniv.ac.in/engineering/anti-ragging/mailto:ramya.m@ktr.srmuniv.ac.in,http://www.srmuniv.ac.in/engineering/anti-ragging/mailto:aruljothi.n@ktr.srmuniv.ac.in,http://www.srmuniv.ac.in/engineering/anti-ragging/mailto:usha.b@ktr.srmuniv.ac.in,http://www.srmuniv.ac.in/engineering/anti-ragging/mailto:angeline.sp@ktr.srmuniv.ac.in,http://www.srmuniv.ac.in/engineering/anti-ragging/mailto:snekhalatha.u@ktr.srmuniv.ac.in,http://www.srmuniv.ac.in/engineering/anti-ragging/mailto:vinupritha.p@ktr.srmuniv.ac.in,http://www.srmuniv.ac.in/engineering/anti-ragging/mailto:kathirvelu.d@ktr.srmuniv.ac.in,http://www.srmuniv.ac.in/engineering/anti-ragging/mailto:muthu.p@ktr.srmuniv.ac.in,http://www.srmuniv.ac.in/engineering/anti-ragging/mailto:rajalakshmi.t@ktr.srmuniv.ac.in,http://www.srmuniv.ac.in/engineering/anti-ragging/mailto:suresh.k@ktr.srmuniv.ac.in,http://www.srmuniv.ac.in/engineering/anti-ragging/mailto:Balasubramanian.s@ktr.srmuniv.ac.in,http://www.srmuniv.ac.in/engineering/anti-ragging/mailto:kavitha.e@ktr.srmuniv.ac.in,http://www.srmuniv.ac.in/engineering/anti-ragging/mailto:shobanas@ktr.srmuniv.ac.in,http://www.srmuniv.ac.in/engineering/anti-ragging/mailto:anandt@ktr.srmuniv.ac.in,http://www.srmuniv.ac.in/engineering/anti-ragging/mailto:manimehali.n@ktr.srmuniv.ac.in,http://www.srmuniv.ac.in/engineering/anti-ragging/mailto:mahesh.m@ktr.srmuniv.ac.in,http://www.srmuniv.ac.in/engineering/anti-ragging/mailto:john.d@ktr.srmuniv.ac.in,http://www.srmuniv.ac.in/engineering/anti-ragging/mailto:krishnamohan.m@ktr.srmuniv.ac.in,http://www.srmuniv.ac.in/engineering/anti-ragging/mailto:karthigeyan.a@ktr.srmuniv.ac.in,http://www.srmuniv.ac.in/engineering/anti-ragging/mailto:hod.chy@ktr.srmuniv.ac.in,http://www.srmuniv.ac.in/engineering/anti-ragging/mailto:jeyalakshmi.r@ktr.srmuniv.ac.in,http://www.srmuniv.ac.in/engineering/anti-ragging/mailto:abirami.n@ktr.srmuniv.ac.in,http://www.srmuniv.ac.in/engineering/anti-ragging/mailto:natarajan.b@ktr.srmuniv.ac.in,http://www.srmuniv.ac.in/engineering/anti-ragging/mailto:hod.efl@ktr.srmuniv.ac.in,http://www.srmuniv.ac.in/engineering/anti-ragging/mailto:tamilarasan.p@ktr.srmuniv.ac.in,http://www.srmuniv.ac.in/engineering/anti-ragging/mailto:govindaraja.n@ktr.srmuniv.ac.in,http://www.srmuniv.ac.in/engineering/anti-ragging/mailto:srimathi.h@ktr.srmuniv.ac.in,http://www.srmuniv.ac.in/engineering/anti-ragging/mailto:manikandan.k@ktr.srmuniv.ac.in,http://www.srmuniv.ac.in/engineering/anti-ragging/mailto:visalakshi.p@ktr.srmuniv.ac.in,http://www.srmuniv.ac.in/engineering/anti-ragging/mailto:meenakshi.a@ktr.srmuniv.ac.in,http://www.srmuniv.ac.in/engineering/anti-ragging/mailto:eliazer.m@ktr.srmuniv.ac.in,http://www.srmuniv.ac.in/engineering/anti-ragging/mailto:ponniah.vm@ktr.srmuniv.ac.in,http://www.srmuniv.ac.in/engineering/anti-ragging/mailto:vasumathy.s@ktr.srmuniv.ac.in,http://www.srmuniv.ac.in/engineering/anti-ragging/mailto:premlatha.s@ktr.srmuniv.ac.in,http://www.srmuniv.ac.in/engineering/anti-ragging/mailto:vasanthi.k@ktr.srmuniv.ac.in,http://www.srmuniv.ac.in/engineering/anti-ragging/mailto:densinghjoshua.i@ktr.srmuniv.ac.in,http://www.srmuniv.ac.in/engineering/anti-ragging/mailto:yamunapriya.j@ktr.srmuniv.ac.in,http://www.srmuniv.ac.in/engineering/anti-ragging/mailto:balendran.ja@ktr.srmuniv.ac.in,http://www.srmuniv.ac.in/engineering/anti-ragging/mailto:senthilnathan.c@ktr.srmuniv.ac.in,http://www.srmuniv.ac.in/engineering/anti-ragging/mailto:priya.sa@ktr.srmuniv.ac.in,http://www.srmuniv.ac.in/engineering/anti-ragging/mailto:karthikkumaran.ap@ktr.srmuniv.ac.in,http://www.srmuniv.ac.in/engineering/anti-ragging/mailto:deena.r@ktr.srmuniv.ac.in,http://www.srmuniv.ac.in/engineering/anti-ragging/mailto:sharanya.e@ktr.srmuniv.ac.in
http://www.srmuniv.ac.in/aboutus/panel-foreign-faculty//user/password
http://www.worksap.com/
http://117.239.224.139/srmhonline/online/results/onlineResult.jsp,http://onlineadmissionregn.srmuniversity.ac.in/,http://srmuniversity.ac.in/index.html/welcome-to-srm.html,http://srmuniversity.ac.in/index.html/vision-mission.html,http://srmuniversity.ac.in/index.html/chancellor-chennai.html,http://srmuniversity.ac.in/index.html/chancellor-haryana.html,http://srmuniversity.ac.in/index.html/president-srm.html,http://srmuniversity.ac.in/index.html/our-institutions.html,http://srmuniversity.ac.in/index.html/srm-international-advisory-board.html,http://srmuniversity.ac.in/index.html/anti-ragging.html,http://srmuniversity.ac.in/index.html/srm-mandatory.html,http://srmuniversity.ac.in/index.html/deapartments-atoz.html,http://srmuniversity.ac.in/index.html/srm-courses-offered.html,http://srmuniversity.ac.in/index.html/admission-procedure.html,http://srmuniversity.ac.in/index.html/srm-student-scholships.html,http://srmuniversity.ac.in/index.html/srm-application-form-centers.html,http://srmuniversity.ac.in/index.html/srm-placements-training.html,http://srmuniversity.ac.in/index.html/../srm-mou.html,http://srmuniversity.ac.in/index.html/srm-academic-facilities.html,http://srmuniversity.ac.in/index.html/srm-campus-facilities.html,http://srmuniversity.ac.in/index.html/srm-accommodation.html,http://srmuniversity.ac.in/index.html/srm-activities.html,http://srmuniversity.ac.in/index.html/srm-news.html,http://srmuniversity.ac.in/index.html/comments-suggestions.php,http://117.239.224.139/evarsitysrmh,http://webmail.srmuniversity.ac.in/,http://srmuniversity.ac.in/index.html/careers.html,http://srmuniversity.ac.in/index.html/srm-heritage.html,http://srmuniversity.ac.in/index.html/srm-govt-recognition.html,http://srmuniversity.ac.in/index.html/srm-fee-structure.html,http://srmuniversity.ac.in/index.html/srm-recruiters.html,http://srmuniversity.ac.in/index.html/srm-future-expansions.html,http://srmuniversity.ac.in/index.html/srm-contact.html,https://www.linkedin.com/in/srmuniversityharyana,http://www.google.com/+SrmuniversityAcInHaryana,https://www.youtube.com/channel/UCFUPpOO9M96ofuI6nf6c_AQ,http://srmuniversity.ac.in/index.html/news-legal-services-clinic.html,http://srmuniversity.ac.in/SRMUH/,http://srmuniversity.ac.in/index.html/photogallery-pmrelieffund.html,http://srmuniversity.ac.in/index.html/news-enrolment.html,http://whiterosead.com/clients/srm/vt/1.html,http://srmuniversity.ac.in/index.html/photogallery-sciday2015.html,http://srmuniversity.ac.in/index.html/photogallery-intconf.html,http://srmuniversity.ac.in/index.html/photogallery-aagaaz2014.html,http://srmuniversity.ac.in/index.html/photogallery-inauguration-pg.html,http://srmuniversity.ac.in/index.html/photogallery-orientation2014.html,http://srmuniversity.ac.in/index.html/photogallery-rashtriyaektadiwas.html,http://www.srmuniv.ac.in/ramapuram,http://www.srmuniv.ac.in/ramapuram-part-vadapalani,https://twitter.com/SRMH_University,https://www.tumblr.com/blog/srmuniversityharyana,http://www.srmuniversity.ac.in,http://srmuniversity.ac.in/index.html/srm-sitemap.html
http://event.srmuniv.ac.in/calm2014///calm2014/,http://event.srmuniv.ac.in/calm2014///calm2014/home,http://event.srmuniv.ac.in/calm2014///calm2014/program-schedule,http://event.srmuniv.ac.in/calm2014///calm2014/registration,http://event.srmuniv.ac.in/calm2014///calm2014/committees,http://event.srmuniv.ac.in/calm2014///calm2014/contact-us,http://event.srmuniv.ac.in/calm2014///calm2014/node/9
http://www.infosys.com/,http://www.cognizant.com/,http://www.verizon.com/home/verizonglobalhome/ghp_landing.aspx,http://www.teachforindia.org/
http://www.els.in,http://www.srmuniv.ac.in/node/11146/mailto:srm.els@srmuniv.edu.in
http://mysrm.srmuniv.ac.in/iconn2015,http://mysrm.srmuniv.ac.in/iconn2015/node/11,http://mysrm.srmuniv.ac.in/iconn2015///iconn2015/,http://mysrm.srmuniv.ac.in/iconn2015///iconn2015/node/2,http://mysrm.srmuniv.ac.in/iconn2015///iconn2015/node/3,http://mysrm.srmuniv.ac.in/iconn2015///iconn2015/node/4,http://mysrm.srmuniv.ac.in/iconn2015///iconn2015/sponsors,http://mysrm.srmuniv.ac.in/iconn2015///iconn2015/node/5,http://mysrm.srmuniv.ac.in/iconn2015///iconn2015/node/7,http://mysrm.srmuniv.ac.in/iconn2015///iconn2015/speakers,http://mysrm.srmuniv.ac.in/iconn2015///iconn2015/node/8,http://mysrm.srmuniv.ac.in/iconn2015///iconn2015/node/9,http://mysrm.srmuniv.ac.in/iconn2015///iconn2015/node,http://mysrm.srmuniv.ac.in/iconn2015///iconn2015/submissions/abstract-submission,http://mysrm.srmuniv.ac.in/iconn2015///iconn2015/node/11,http://mysrm.srmuniv.ac.in/iconn2015///iconn2015/node/12,http://mysrm.srmuniv.ac.in/iconn2015///iconn2015/node/14,http://mysrm.srmuniv.ac.in/iconn2015///iconn2015/node/1,http://mysrm.srmuniv.ac.in/iconn2015/node/27,http://www.shizuoka.ac.jp/english/,http://www.victoria.ac.nz/,http://www.kaist.edu/html/en/index.html,http://www.serb.gov.in/home.php,http://www.dbtindia.nic.in,http://www.advancetech.in/,http://antsceramics.com/,http://www.lionsclubs.org/EN/index.php,http://www.horiba.com/in/,http://www.mittalenterprises.com/,http://www.nanosniff.com/,http://www.watairtechnologies.com/,http://www.newtonpowerteam.com/contactus.html,http://www.dynatechconveyors.com/contact.html,http://www.archivistaindia.com/contact.html,http://www.ril.com/,http://www.kiranglobal.com/
http://www.srmuniv.ac.in/node/11404//engineering/department-of-food-process-engineering/about-the-department,http://www.srmuniv.ac.in/node/11404//node/6426,http://www.srmuniv.ac.in/node/11404//node/6533,http://www.srmuniv.ac.in/node/11404//node/6429,http://www.srmuniv.ac.in/node/11404//engineering/department-of-food-process-engineering/faculty
http://www.srmuniv.ac.in/academics/engineering/../engineering/department-of-civil-engineering/about-the-department,http://www.srmuniv.ac.in/academics/engineering/engineering/college-of-engineering/school-of-mechanical-engineering,http://www.srmuniv.ac.in/academics/engineering/../engineering/department-of-automobile-engineering/about-the-department,http://www.srmuniv.ac.in/academics/engineering/../engineering/department-of-nuclear-Engineering/about-the-department,http://www.srmuniv.ac.in/academics/engineering/../engineering/department-of-electronics-communication-engineering/about-the-department,http://www.srmuniv.ac.in/academics/engineering//node/132,http://www.srmuniv.ac.in/academics/engineering//node/140,http://www.srmuniv.ac.in/academics/engineering//node/5239,http://www.srmuniv.ac.in/academics/engineering/../engineering/department-of-computer-science-engineering/about-the-department,http://www.srmuniv.ac.in/academics/engineering//node/5961,http://www.srmuniv.ac.in/academics/engineering/../engineering/department-of-biomedical-engineering/about-the-department,http://www.srmuniv.ac.in/academics/engineering/../engineering/college-of-engineering/department-of-genetic-engineering/about-the-department,http://www.srmuniv.ac.in/academics/engineering/../engineering/department-of-chemical-engineering/about-the-department,http://www.srmuniv.ac.in/academics/engineering/../engineering/department-of-architecture-and-interior-design/about-the-department,http://www.srmuniv.ac.in/academics/engineering/../engineering/school-of-basicsciences/department-of-mathematics,http://www.srmuniv.ac.in/academics/engineering/../engineering/center-for-tqm
http://www.srmuniv.ac.in/galleryimages/view/3752/srmcampus
http://www.srmuniv.ac.in/node/10954//iiic/highlights
http://www.facebook.com/sharer.php?u=http://srmuniv.ac.in/node/11179
http://www.srmuniv.ac.in/latest_news//node/11988,http://www.srmuniv.ac.in/latest_news//node/11984,http://www.srmuniv.ac.in/latest_news//node/11956,http://www.srmuniv.ac.in/latest_news//node/11939,http://www.srmuniv.ac.in/latest_news//node/11741,http://www.srmuniv.ac.in/latest_news//node/11700,http://www.srmuniv.ac.in/latest_news//node/11665,http://www.srmuniv.ac.in/latest_news//node/11648,http://www.srmuniv.ac.in/latest_news//latest_news?page=1,http://www.srmuniv.ac.in/latest_news//latest_news?page=2,http://www.srmuniv.ac.in/latest_news//latest_news?page=4,http://www.srmuniv.ac.in/latest_news//latest_news?page=5,http://www.srmuniv.ac.in/latest_news//latest_news?page=6,http://www.srmuniv.ac.in/latest_news//latest_news?page=7
http://www.facebook.com/sharer.php?u=http://srmuniv.ac.in/node/11210,http://twitter.com/home?status=Alumni Meet http://srmuniv.ac.in/node/11210
http://mysrm.srmuniv.ac.in/awrp/node/1//awrp/,http://mysrm.srmuniv.ac.in/awrp/node/1//awrp/node/2,http://mysrm.srmuniv.ac.in/awrp/node/1//awrp/node/3,http://mysrm.srmuniv.ac.in/awrp/node/1//awrp/node/5
http://mysrm.srmuniv.ac.in/mmpci///mmpci/,http://mysrm.srmuniv.ac.in/mmpci///mmpci/node/1,http://mysrm.srmuniv.ac.in/mmpci///mmpci/node/3,http://mysrm.srmuniv.ac.in/mmpci///mmpci/node/4,http://www.srmuniv.ac.in/galleryimages/view/4457/srmcampus,http://www.drupalizing.com
http://mysrm.srmuniv.ac.in/icopic2015/node/1,http://mysrm.srmuniv.ac.in/icopic2015/node/3,http://mysrm.srmuniv.ac.in/icopic2015/node/7,http://mysrm.srmuniv.ac.in/icopic2015///icopic2015/,http://mysrm.srmuniv.ac.in/icopic2015///icopic2015/node/3,http://mysrm.srmuniv.ac.in/icopic2015///icopic2015/node/4,http://mysrm.srmuniv.ac.in/icopic2015///icopic2015/node/6,http://mysrm.srmuniv.ac.in/icopic2015///icopic2015/contact-us,http://mysrm.srmuniv.ac.in/icopic2015///icopic2015/node/8,http://mysrm.srmuniv.ac.in/icopic2015///icopic2015/node/17,http://mysrm.srmuniv.ac.in/icopic2015///icopic2015/node/14,http://mysrm.srmuniv.ac.in/icopic2015///icopic2015/node,http://mysrm.srmuniv.ac.in/icopic2015///icopic2015/node/15,http://mysrm.srmuniv.ac.in/icopic2015///icopic2015/node/20,http://mysrm.srmuniv.ac.in/icopic2015///icopic2015/node/19,http://mysrm.srmuniv.ac.in/icopic2015///icopic2015/node/10,http://mysrm.srmuniv.ac.in/icopic2015///icopic2015/node/22,http://mysrm.srmuniv.ac.in/icopic2015///icopic2015/node/11,http://mysrm.srmuniv.ac.in/icopic2015///icopic2015/node/16,http://mysrm.srmuniv.ac.in/icopic2015///icopic2015/node/21,http://mysrm.srmuniv.ac.in/icopic2015///icopic2015/node/13,http://mysrm.srmuniv.ac.in/icopic2015///icopic2015/node/12
http://www.facebook.com/sharer.php?u=http://srmuniv.ac.in/node/11257
http://ibconline.co.in/,http://www.facebook.com/sharer.php?u=http://srmuniv.ac.in/node/11154
http://www.facebook.com/sharer.php?u=http://srmuniv.ac.in/node/11569
http://www.srmuniv.ac.in/galleryimages/view/4259/srmcampus
http://www.srmuniv.ac.in/node/11425/mailto:?subject=
http://mysrm.srmuniv.ac.in/nwstsq///nwstsq/node/1,http://mysrm.srmuniv.ac.in/nwstsq///nwstsq/node/8,http://mysrm.srmuniv.ac.in/nwstsq///nwstsq/node/16,http://mysrm.srmuniv.ac.in/nwstsq///nwstsq/node/10,http://mysrm.srmuniv.ac.in/nwstsq///nwstsq/node/21,http://mysrm.srmuniv.ac.in/nwstsq///nwstsq/node/20,http://mysrm.srmuniv.ac.in/nwstsq///nwstsq/node/19,http://mysrm.srmuniv.ac.in/nwstsq///nwstsq/node/18,http://mysrm.srmuniv.ac.in/nwstsq///nwstsq/node/13,http://mysrm.srmuniv.ac.in/nwstsq///nwstsq/node/12
http://www.srmuniv.ac.in/galleryimages/view/4648/srmcampus
http://mysrm.srmuniv.ac.in/icidl2015///icidl2015/node/23,http://mysrm.srmuniv.ac.in/icidl2015///icidl2015/node/9,http://mysrm.srmuniv.ac.in/icidl2015///icidl2015/node/60,http://mysrm.srmuniv.ac.in/icidl2015///icidl2015/node/14,http://mysrm.srmuniv.ac.in/icidl2015///icidl2015/node/40,http://mysrm.srmuniv.ac.in/icidl2015///icidl2015/node/42,http://mysrm.srmuniv.ac.in/icidl2015///icidl2015/node/44,http://mysrm.srmuniv.ac.in/icidl2015///icidl2015/node/33,http://mysrm.srmuniv.ac.in/icidl2015///icidl2015/node/34,http://mysrm.srmuniv.ac.in/icidl2015///icidl2015/node,http://mysrm.srmuniv.ac.in/icidl2015///icidl2015/node/51,http://mysrm.srmuniv.ac.in/icidl2015///icidl2015/node/52,http://mysrm.srmuniv.ac.in/icidl2015/node/55,http://mysrm.srmuniv.ac.in/icidl2015/node/61#overlay-context=user/1
http://www.srmuniv.ac.in/galleryimages/view/3790/srmcampus
http://www.srmuniv.ac.in/galleryimages/view/4712/srmcampus,http://www.facebook.com/sharer.php?u=http://srmuniv.ac.in/node/11643
http://www.facebook.com/sharer.php?u=http://srmuniv.ac.in/node/11171
http://www.srmuniv.ac.in/node/11290//downloads/national_inter_university_ball_badminton_men_tournament_2014.PDF,http://www.srmuniv.ac.in/galleryimages/view/3798/srmcampus
http://www.srmuniv.ac.in/node/10601/mailto:ncisect.201S@srmuniv.ac.in,http://www.srmuniv.ac.in/galleryimages/view/4600/srmcampus,http://www.facebook.com/sharer.php?u=http://srmuniv.ac.in/node/10601
http://www.facebook.com/sharer.php?u=http://srmuniv.ac.in/node/11411
http://www.srmuniv.ac.in/galleryimages/view/4508/srmcampus,http://twitter.com/home?status=One Day National Seminar on 
http://www.facebook.com/sharer.php?u=http://srmuniv.ac.in/node/11549,http://twitter.com/home?status= COMMUNE'15http://srmuniv.ac.in/node/11549
http://www.facebook.com/sharer.php?u=http://srmuniv.ac.in/node/11980
http://twitter.com/home?status=Alumni Meethttp://srmuniv.ac.in/node/11557
http://www.facebook.com/sharer.php?u=http://srmuniv.ac.in/node/11946
http://www.srmuniv.ac.in/node/11770/mailto:?subject= International Conference on Moot Court&body=
http://www.commencia.in/
http://affectionatepublishers.com/index.html,http://affectionatepublishers.com/contact.html
http://www.greenpearleducation.com/a/about-us/our-story-2/,http://www.greenpearleducation.com/a/connect/,http://www.greenpearleducation.com/a/
http://www.srmuniv.ac.in/IIISM/flow_cytometry_workshop.html/infra.html,http://www.srmuniv.ac.in/IIISM/flow_cytometry_workshop.html/patents.html,http://www.srmuniv.ac.in/IIISM/flow_cytometry_workshop.html/faculty.html
http://mysrm.srmuniv.ac.in/women_rights///women_rights/,http://mysrm.srmuniv.ac.in/women_rights///women_rights/content/home,http://mysrm.srmuniv.ac.in/women_rights///women_rights/content/about-us,http://mysrm.srmuniv.ac.in/women_rights///women_rights/content/registration,http://mysrm.srmuniv.ac.in/women_rights///women_rights/content/important-dates
https://www.youtube.com/user/SRMeducation?ob=0,http://mysrm.srmuniv.ac.in/more2015///more2015/home,http://mysrm.srmuniv.ac.in/more2015///more2015/about_us,http://mysrm.srmuniv.ac.in/more2015///more2015/webform,http://mysrm.srmuniv.ac.in/more2015///more2015/accomodation,http://www.srmuniv.ac.in/galleryimages/view/4633/srmcampus
http://www.facebook.com/sharer.php?u=http://srmuniv.ac.in/node/11769
http://www.facebook.com/sharer.php?u=http://srmuniv.ac.in/node/11775,http://www.srmuniv.ac.in/node/11775/mailto:?subject=Seminar on Pathology&body=
http://www.srmuniv.ac.in/galleryimages/view/4614/srmcampus
http://www.srmuniv.ac.in/galleryimages/view/4782/srmcampus
http://www.srmuniv.ac.in/node/11941//node/11940,http://www.srmuniv.ac.in/node/11941//node/11942
http://www.srmuniv.ac.in/galleryimages/view/4655/srmcampus,http://www.facebook.com/sharer.php?u=http://srmuniv.ac.in/node/10609
http://www.srmuniv.ac.in/node/11196/mailto:tkm.helpdesk@srmuniv.ac.in,http://evarsity.srmuniv.ac.in/srmwebonline/exam/FinalYearStudentdata.jsp
http://www.srmuniv.ac.in/virtual/tour/Index.html/Map/Map.html,http://www.srmuniv.ac.in/virtual/tour/Index.html/Index.html,http://www.srmuniv.ac.in/,http://www.srmuniv.ac.in/virtual/tour/Index.html/CV/Index.html,http://www.srmuniv.ac.in/virtual/tour/Index.html/Medicine/Index.html,http://www.srmuniv.ac.in/virtual/tour/Index.html/SH/Index.html,http://www.srmuniv.ac.in/virtual/tour/Index.html/Facilities/Index.html,http://www.srmuniv.ac.in/virtual/tour/Index.html/Hostels/Index.html,http://www.srmuniv.ac.in/virtual/tour/Index.html/CV/1.html,http://www.srmuniv.ac.in/virtual/tour/Index.html/CV/2.html,http://www.srmuniv.ac.in/virtual/tour/Index.html/CV/3.html,http://www.srmuniv.ac.in/virtual/tour/Index.html/CV/4.html,http://www.srmuniv.ac.in/virtual/tour/Index.html/CV/5.html,http://www.srmuniv.ac.in/virtual/tour/Index.html/CV/Q1.html,http://www.srmuniv.ac.in/virtual/tour/Index.html/CV/Q2.html,http://www.srmuniv.ac.in/virtual/tour/Index.html/CV/Q3.html,http://www.srmuniv.ac.in/virtual/tour/Index.html/CV/Q4.html,http://www.srmuniv.ac.in/virtual/tour/Index.html/CV/Q5.html,http://www.srmuniv.ac.in/virtual/tour/Index.html/CV/6.html,http://www.srmuniv.ac.in/virtual/tour/Index.html/CV/7.html,http://www.srmuniv.ac.in/virtual/tour/Index.html/CV/8.html,http://www.srmuniv.ac.in/virtual/tour/Index.html/CV/Q6.html,http://www.srmuniv.ac.in/virtual/tour/Index.html/CV/Q7.html,http://www.srmuniv.ac.in/virtual/tour/Index.html/CV/9.html,http://www.srmuniv.ac.in/virtual/tour/Index.html/CV/10.html,http://www.srmuniv.ac.in/virtual/tour/Index.html/CV/Q10.html,http://www.srmuniv.ac.in/virtual/tour/Index.html/CV/11.html,http://www.srmuniv.ac.in/virtual/tour/Index.html/CV/12.html,http://www.srmuniv.ac.in/virtual/tour/Index.html/CV/13.html,http://www.srmuniv.ac.in/virtual/tour/Index.html/CV/14.html,http://www.srmuniv.ac.in/virtual/tour/Index.html/CV/17.html,http://www.srmuniv.ac.in/virtual/tour/Index.html/CV/Q11.html,http://www.srmuniv.ac.in/virtual/tour/Index.html/CV/Q13.html,http://www.srmuniv.ac.in/virtual/tour/Index.html/CV/Q14.html,http://www.srmuniv.ac.in/virtual/tour/Index.html/CV/Q17.html,http://www.srmuniv.ac.in/virtual/tour/Index.html/CV/18.html,http://www.srmuniv.ac.in/virtual/tour/Index.html/CV/19.html,http://www.srmuniv.ac.in/virtual/tour/Index.html/CV/15.html,http://www.srmuniv.ac.in/virtual/tour/Index.html/CV/16.html,http://www.srmuniv.ac.in/virtual/tour/Index.html/CV/Q18.html,http://www.srmuniv.ac.in/virtual/tour/Index.html/CV/Q15.html,http://www.srmuniv.ac.in/virtual/tour/Index.html/CV/Q16.html
http://www.srmuniv.ac.in/ncr/index.html,http://www.srmuniv.ac.in/ncr//sitemap.php,http://www.srmuniv.ac.in/ncr//<?=$home?>/about-campus.php?page=index,http://www.srmuniv.ac.in/node/716,http://www.srmuniv.ac.in/node/717,http://www.srmuniv.ac.in/node/745,http://www.srmuniv.ac.in/node/722,http://www.srmuniv.ac.in/node/726,http://www.srmuniv.ac.in/node/731,http://www.srmuniv.ac.in/node/732,http://www.srmuniv.ac.in/node/4102,http://www.srmuniv.ac.in/node/4109,http://www.srmuniv.ac.in/node/4111,http://www.srmuniv.ac.in/node/4120,http://www.srmuniv.ac.in/node/4121,http://www.srmuniv.ac.in/node/738,http://www.srmuniv.ac.in/node/739,http://www.srmuniv.ac.in/node/740,http://www.srmuniv.ac.in/node/5987,http://www.srmuniv.ac.in/node/6799,http://www.srmuniv.ac.in/node/7506,http://www.srmuniv.ac.in/node/6754,http://www.srmuniv.ac.in/node/8005,http://www.icrdcit14.in/,http://www.srmuniv.ac.in/node/11610,http://www.srmuniv.ac.in/node/10283,http://www.srmuniv.ac.in/node/7512,http://ncrdcit12.hpage.com/,http://www.srmuniv.ac.in/node/2766,http://www.srmuniv.ac.in/node/7123,http://www.srmuniv.ac.in/node/5333,http://www.srmuniv.ac.in/node/780,http://www.srmuniv.ac.in/node/7495,http://www.srmuniv.ac.in/node/7474,http://www.srmuniv.ac.in/home/popup/online_exam_2011.php,https://webmail.srmuniv.ac.in/,http://www.srmuniv.ac.in/node/6193,http://www.srmuniv.ac.in/ncr//<?=$home?>/events.php?page=events_news_photogallery/roobaroo,http://www.srmuniv.ac.in/node/736,http://www.srmuniv.ac.in/node/733
https://webmail.srmuniv.ac.in,http://www.srmuniv.ac.in/about-us/infrastructure-and-facilities,http://www.srmuniv.ac.in/node/3217,http://www.srmuniv.ac.in/node/11479,http://www.srmuniv.ac.in/node/11501,http://www.srmuniv.ac.in/node/11727,http://www.srmuniv.ac.in/academics/students-chapters,http://www.srmuniv.ac.in/study-abroad/sap-academic-scholarship,http://www.srmuniv.ac.in/ramapuram//<?=$home?>/study-abroad.php?page=dual_degree_program,http://www.srmuniv.ac.in/campus-life,http://www.srmuniv.ac.in/campus-life/online-magazines,http://www.srmuniv.ac.in/node/11302,http://www.srmuniv.ac.in/node/9332,http://www.srmuniv.ac.in/node/5608,http://www.srmuniv.ac.in/news.php?page=sap,http://www.srmuniv.ac.in/pressroom/popup/news26112010.php,http://www.srmuniv.ac.in/node/11039,http://www.srmuniv.ac.in/node/10196,http://www.srmuniv.ac.in/node/9058,http://www.srmuniv.ac.in/node/10179,http://www.srmuniv.ac.in/node/10775,http://www.srmuniv.ac.in/node/10781,http://www.srmuniv.ac.in/node/10955,http://www.srmuniv.ac.in/node/11674,http://mysrm.srmuniv.ac.in/quest15/,http://www.srmuniv.ac.in/node/11520,http://www.srmuniv.ac.in/node/8345,http://www.srmuniv.ac.in/node/8427,http://www.srmuniv.ac.in/node/8097,http://www.srmuniv.ac.in/node/7682,http://www.srmuniv.ac.in/ramapuram//events.php?page=srujan_12,http://www.srmuniv.ac.in/ramapuram//events.php?page=qace_2012,http://www.srmuniv.ac.in/node/11590,http://www.srmuniv.ac.in/node/11583,http://www.srmuniv.ac.in/node/11563,http://www.srmuniv.ac.in/node/11276,http://www.srmuniv.ac.in/node/11073,http://www.srmuniv.ac.in/node/11059,http://www.srmuniv.ac.in/node/10976,http://www.srmuniv.ac.in/node/10962,http://www.srmuniv.ac.in/node/10938,http://www.srmuniv.ac.in/node/10783,http://www.srmuniv.ac.in/node/10455,http://www.srmuniv.ac.in/node/10356,http://www.srmuniv.ac.in/node/10369,http://www.srmuniv.ac.in/node/10348,http://www.srmuniv.ac.in/node/10339,http://www.srmuniv.ac.in/node/10327,http://www.srmuniv.ac.in/node/10115,http://www.srmuniv.ac.in/node/10088,http://www.srmuniv.ac.in/node/8485,http://www.srmuniv.ac.in/node/8478,http://www.srmuniv.ac.in/node/8258,http://www.srmuniv.ac.in/node/8270,http://www.srmuniv.ac.in/node/7871,http://www.srmuniv.ac.in/node/7680,http://www.srmuniv.ac.in/node/6784,http://www.srmuniv.ac.in/node/6776,http://www.srmuniv.ac.in/node/6527,http://www.srmuniv.ac.in/ramapuram//news.php?page=guest_lecture_fractal,http://www.srmuniv.ac.in/ramapuram//news.php?page=ici_students,http://www.srmuniv.ac.in/ramapuram//news.php?page=inaugural_2012,http://www.srmuniv.ac.in/ramapuram/srmrmp/index.html,http://www.srmuniv.ac.in/ramapuram//news.php?page=ramanujan_125,http://115.111.4.10/srmwebonline/admissionsReport/onlineRank2011.jsp,http://www.srmuniv.ac.in/node/9597,http://www.srmuniv.ac.in/node/7493,http://www.srmuniv.ac.in/node/11971,http://www.srmuniv.ac.in/downloads/courses_offered_ramapuram_campus.PDF,http://www.srmuniv.ac.in/node/10779,http://www.srmuniv.ac.in/node/10295,http://evarsity.srmuniv.ac.in/WebApplication/Wallonedownload.jsp?category=2&mode=3,http://www.srmuniv.ac.in/admission.php?page=scholarships,http://www.srmuniv.ac.in/node/6235,http://www.srmuniv.ac.in/Placement,http://www.srmuniv.ac.in/about-us/infrastructure-and-facilities/library,http://www.srmuniv.ac.in/admission/admission-india/admission-procedure,http://www.srmuniv.ac.in/ramapuram//<?=$home?>/about-campus.php?page=infra_library,http://www.srmuniv.ac.in/press_room.php?page=current_news,"http://www.srmuniv.ac.in/ramapuram//javascript:popup('news04jan2011_2.html','srmbhu','width=550,height=430,left=5,top=5,scrollbars=yes')",http://www.srmuniv.ac.in/node/6190,http://www.srmuniv.ac.in/admission.php?page=admission_download_syllabus,http://www.srmuniv.ac.in/ramapuram//admission.php
http://www.srmuniv.ac.in/node/6062,http://www.srmuniv.ac.in/node/3581,http://www.srmuniv.ac.in/node/3590,http://www.srmuniv.ac.in/node/3597,http://www.srmuniv.ac.in/node/3601,http://www.srmuniv.ac.in/node/5996,http://www.srmuniv.ac.in/node/6035,http://www.srmuniv.ac.in/node/6043,http://www.srmuniv.ac.in/node/6044,http://www.srmuniv.ac.in/node/6046,http://www.srmuniv.ac.in/node/6050,http://www.srmuniv.ac.in/node/6054,http://www.srmuniv.ac.in/node/6055,http://www.srmuniv.ac.in/node/6056,http://www.srmuniv.ac.in/node/6057,http://www.srmuniv.ac.in/ramapuram-part-vadapalani//admission.php?page=admission_procedure,http://www.srmuniv.ac.in/ramapuram-part-vadapalani//admission.php?page=how_to_apply,http://www.srmuniv.ac.in/ramapuram-part-vadapalani//admission.php?page=download_application,http://www.srmuniv.ac.in/ramapuram-part-vadapalani//admission.php?page=purchase_application,http://www.srmuniv.ac.in/ramapuram-part-vadapalani//admission.php?page=test_city_centers,http://www.srmuniv.ac.in/ramapuram-part-vadapalani//admission.php?page=important_dates,http://www.srmuniv.ac.in/ramapuram-part-vadapalani//admission.php?page=courses_offered,http://www.srmuniv.ac.in/ramapuram-part-vadapalani//admission.php?page=eligibility,http://www.srmuniv.ac.in/ramapuram-part-vadapalani//admission.php?page=fee_refund,http://www.srmuniv.ac.in/ramapuram-part-vadapalani//admission.php?page=faqs,http://www.srmuniv.ac.in/ramapuram-part-vadapalani//admission.php?page=scholarships,http://www.srmuniv.ac.in/ramapuram-part-vadapalani//admission.php?page=loans,http://www.srmuniv.ac.in/node/766,http://www.srmuniv.ac.in/node/4133,http://www.srmuniv.ac.in/ramapuram-part-vadapalani//medicine.php,http://www.srmuniv.ac.in/node/4163,http://www.srmuniv.ac.in/node/3695,http://www.srmuniv.ac.in/node/10510,http://www.srmuniv.ac.in/node/4181,http://www.srmuniv.ac.in/node/4182,http://www.srmuniv.ac.in/node/749,http://www.srmuniv.ac.in/node/750,http://www.srmuniv.ac.in/ramapuram-part-vadapalani//campus_life.php?page=studentlife,http://www.srmuniv.ac.in/nss/index.html,http://www.srmuniv.ac.in/robotics/index.html,http://www.srmuniv.ac.in/node/6139,http://www.srmuniv.ac.in/admission.php?page=admission_procedure,http://www.srmuniv.ac.in/gallery.php?page=isc_gallery,http://www.srmuniv.ac.in/node/8508,http://www.srmuniv.ac.in/node/10277,http://www.srmuniv.ac.in/node/8410,http://www.race2014.co.in/,http://www.srmuniv.ac.in/node/11934,http://www.srmuniv.ac.in/node/11511,http://www.srmuniv.ac.in/node/10977,http://www.srmuniv.ac.in/node/10968,http://www.srmuniv.ac.in/node/10502,http://www.srmuniv.ac.in/node/10493,http://www.srmuniv.ac.in/node/10223,http://www.srmuniv.ac.in/node/8479,http://www.srmuniv.ac.in/node/8475,http://www.srmuniv.ac.in/node/8432,http://www.srmuniv.ac.in/node/9588,http://www.srmuniv.ac.in/node/7093,http://www.srmuniv.ac.in/ramapuram-part-vadapalani//news.php?page=anti_ragging_committee,http://www.srmuniv.ac.in/ramapuram-part-vadapalani//news.php?page=qace_12,http://www.srmuniv.ac.in/latest_news_vadapalani_all,http://www.srmuniv.ac.in/node/7118,http://www.srmuniv.ac.in/node/11972,http://www.srmuniv.ac.in/node/784,http://www.srmuniv.ac.in/node/7732,http://www.srmuniv.ac.in/node/7494,http://www.srmuniv.ac.in/node/4156,http://www.srmuniv.ac.in/node/4165
http://soc.srmuniv.ac.in/soc///soc/,http://soc.srmuniv.ac.in/soc///soc/Events,http://soc.srmuniv.ac.in/soc///soc/houses,http://soc.srmuniv.ac.in/soc///soc/my-friends-forum
https://www.facebook.com/icdba,https://plus.google.com/communities/116983844390239298777,http://www.enginethemes.com
http://mysrm.srmuniv.ac.in/webform/node/23
http://www.srmuniv.ac.in/campus_connect/spectrum///innominds/index.html,http://www.aaruush.net/v2012/,http://www.srmuniv.ac.in/campus_connect/spectrum//node/6185,http://www.srmuniv.ac.in/campus_connect/spectrum//campus_connect,http://www.srmuniv.ac.in/flipbook/2015/spectrum8_volume7_april2015/index.html,http://www.srmuniv.ac.in/campus_connect/spectrum//flipbook/2014/volume8_number3_october2014/index.html,http://www.srmuniv.ac.in/campus_connect/spectrum//flipbook/2014/volume7_number6_april2014/index.html,http://www.srmuniv.ac.in/campus_connect/spectrum//flipbook/2014/spectrum7-volume5_march2014/index.html,http://www.srmuniv.ac.in/campus_connect/spectrum//flipbook/2013/spectrum7-volume3_oct2013/index.html,http://www.srmuniv.ac.in/campus_connect/spectrum//flipbook/2013/spectrum7-volume2_sep2013/index.html,http://www.srmuniv.ac.in/campus_connect/spectrum//flipbook/2013/spectrum6_volume6_mar2013/index.html,http://www.srmuniv.ac.in/campus_connect/spectrum//flipbook/2012/spectrum6_volume4-nov2012/index.html,http://www.srmuniv.ac.in/campus_connect/spectrum//flipbook/2012/spectrum6_volume2_sep_2012/index.html,http://www.srmuniv.ac.in/campus_connect/spectrum//flipbook/2012/spectrum6_vol1_july2012/index.html,http://www.srmuniv.ac.in/campus_connect/spectrum//flipbook/2012/spectrum5_volume5_march_2012/index.html,http://www.srmuniv.ac.in/campus_connect/spectrum//flipbook/2011/spectrum5-volume2_nov_2011/index.html,http://www.srmuniv.ac.in/campus_connect/spectrum//flipbook/2011/spectrum_aug2011_aug_2011/index.html,http://www.srmuniv.ac.in/campus_connect/spectrum//flipbook/2011/spectrum4volume6-april2011/index.html,http://www.srmuniv.ac.in/campus_connect/spectrum//flipbook/2011/spectrum4volume5-march2011/index.html,http://www.srmuniv.ac.in/campus_connect/spectrum//flipbook/2011/spctrum4_special_issue5/index.html,http://www.srmuniv.ac.in/campus_connect/spectrum//flipbook/2011/spctrum4_special_issue3/index.html,http://www.srmuniv.ac.in/campus_connect/spectrum//flipbook/2011/spctrum4_special_issue1/index.html,http://www.srmuniv.ac.in/campus_connect/spectrum//flipbook/2010/spectrum_volume4_september_issue/index.html,http://www.srmuniv.ac.in/campus_connect/spectrum//flipbook/2010/spectrum4_volume1_april_issue/index.html,http://www.srmuniv.ac.in/campus_connect/spectrum//flipbook/2010/spectrum_volume_february/index.html,http://www.srmuniv.ac.in/campus_connect/spectrum//flipbook/2010/spectrum_volume4_january/index.html,http://www.srmuniv.ac.in/campus_connect/spectrum//flipbook/2009/spectrum_oct2009/index.html,http://www.srmuniv.ac.in/campus_connect/spectrum//flipbook/2009/spectrum_sep2009/index.html,http://www.srmuniv.ac.in/campus_connect/spectrum//flipbook/2009/spectrum_apr2009/index.html,http://www.srmuniv.ac.in/campus_connect/spectrum//flipbook/2009/spectrum_feb/index.html,http://www.srmuniv.ac.in/campus_connect/spectrum//flipbook/2008/special_issue/index.html
http://www.greenpearleducation.com///greenpearleducation/,http://www.greenpearleducation.com///greenpearleducation/content/our-story-0,http://www.greenpearleducation.com///greenpearleducation/life-skill-training,http://mysrm.srmuniv.ac.in/greenpearleducation/content/quantitativeaptitude-programme,http://www.greenpearleducation.com///greenpearleducation/content/quantitative-aptitude-programme,http://www.greenpearleducation.com///greenpearleducation/content/verbal-aptitude-programme,http://mysrm.srmuniv.ac.in/greenpearleducation/content/activities,http://www.greenpearleducation.com///greenpearleducation/content/our-team,http://mysrm.srmuniv.ac.in/greenpearleducation/life-skill-training,http://mysrm.srmuniv.ac.in/greenpearleducation/content/verbal-aptitude-programme,http://mysrm.srmuniv.ac.in/greenpearleducation
http://www.youtube.com/user/SRMeducation?ob=0///www.youtube.com/upload,http://www.youtube.com/user/SRMeducation?ob=0//user/SRMeducation/videos,http://www.youtube.com/user/SRMeducation?ob=0//user/SRMeducation/playlists,http://www.youtube.com/user/SRMeducation?ob=0//user/SRMeducation/channels,http://www.youtube.com/user/SRMeducation?ob=0//user/SRMeducation/about,https://plus.google.com/113413992490118033627,http://www.youtube.com/user/SRMeducation?ob=0//user/SRMeducation/discussion,http://www.youtube.com/user/SRMeducation?ob=0//watch?v=AtvitQOrE3E,http://www.youtube.com/user/SRMeducation?ob=0//watch?v=ShlKF_EDIXk&amp;list=PLbI4bkz2EXBpdS5ugB8ib4LlvGNKFEpQh,http://www.youtube.com/user/SRMeducation?ob=0//watch?v=ShlKF_EDIXk,http://www.youtube.com/user/SRMeducation?ob=0//channel/UCm1shC2LXjkKmgjz8LyJkFw,http://www.youtube.com/user/SRMeducation?ob=0//watch?v=eIFIqFEtnMM,http://www.youtube.com/user/SRMeducation?ob=0//watch?v=C1V0cMU6T-Y,http://www.youtube.com/user/SRMeducation?ob=0//watch?v=fjiHAblXzHE,http://www.youtube.com/user/SRMeducation?ob=0//watch?v=VBBOfO12Cmw,http://www.youtube.com/user/SRMeducation?ob=0//watch?v=-_-vN6qDh4M,http://www.youtube.com/user/SRMeducation?ob=0//playlist?list=PLbI4bkz2EXBqY4zD1UhfS6QEvR90r22bf,http://www.youtube.com/user/SRMeducation?ob=0//watch?v=LHg_0smDSEE&amp;list=PLbI4bkz2EXBqY4zD1UhfS6QEvR90r22bf,http://www.youtube.com/user/SRMeducation?ob=0//watch?v=LHg_0smDSEE,http://www.youtube.com/user/SRMeducation?ob=0//watch?v=HPzocVYIRrU,http://www.youtube.com/user/SRMeducation?ob=0//watch?v=J-rAfLYbF74,http://www.youtube.com/user/SRMeducation?ob=0//watch?v=kSL2JPiJV0w,http://www.youtube.com/user/SRMeducation?ob=0//watch?v=HZxBKkkA1So,http://www.youtube.com/user/SRMeducation?ob=0//watch?v=yLVjorL6PuM,http://www.youtube.com/user/SRMeducation?ob=0//watch?v=ihiU-9d4Qvo&amp;list=PLbI4bkz2EXBp65Ou9oq1QaOfm7Xt-DG4C,http://www.youtube.com/user/SRMeducation?ob=0//watch?v=ihiU-9d4Qvo,http://www.youtube.com/user/SRMeducation?ob=0//watch?v=ofjIy2YJWX4,http://www.youtube.com/user/SRMeducation?ob=0//watch?v=2gEJVPc-Rhg,http://www.youtube.com/user/SRMeducation?ob=0//watch?v=HzPY1NatlXE,http://www.youtube.com/user/SRMeducation?ob=0//watch?v=n0vhB72gYro,http://www.youtube.com/user/SRMeducation?ob=0//watch?v=ATQt1hjRN7E,http://www.youtube.com/user/SRMeducation?ob=0//watch?v=4j9-QG8PnMQ,http://www.youtube.com/user/SRMeducation?ob=0//watch?v=Sk1m5XjPu7k,http://www.youtube.com/user/SRMeducation?ob=0//watch?v=tmx9_bjizdE,http://www.youtube.com/user/SRMeducation?ob=0//watch?v=HvogxWjsNm8,http://www.youtube.com/user/SRMeducation?ob=0//playlist?list=PLbI4bkz2EXBoii9Pt39R09X0pYvtMdOLu,http://www.youtube.com/user/SRMeducation?ob=0//watch?v=2e-oVlthaX0,http://www.youtube.com/user/SRMeducation?ob=0//watch?v=61_AEegnI_A,http://www.youtube.com/user/SRMeducation?ob=0//watch?v=NRfIxn0yXSU,http://www.youtube.com/user/SRMeducation?ob=0//watch?v=Mx3xWAAa-0c,http://www.youtube.com/user/SRMeducation?ob=0//watch?v=maOru6HB6Cw,http://www.youtube.com/user/SRMeducation?ob=0//watch?v=6uJfO4YkWYY,http://www.youtube.com/user/SRMeducation?ob=0//watch?v=zys1CVBQudQ,http://www.youtube.com/user/SRMeducation?ob=0//watch?v=wSW8v2zmHeU,http://www.youtube.com/user/SRMeducation?ob=0//watch?v=VERfRWhkb40,http://www.youtube.com/user/SRMeducation?ob=0//watch?v=2e-oVlthaX0&amp;list=PLbI4bkz2EXBoii9Pt39R09X0pYvtMdOLu,http://www.youtube.com/user/SRMeducation?ob=0//watch?v=EPBIbylQ2No&amp;list=PLbI4bkz2EXBrVpM-Dl9fuGdtrMVzb90WD,http://www.youtube.com/user/SRMeducation?ob=0//watch?v=uk-AcXemnAs&amp;list=PLbI4bkz2EXBo-zOpz5fN4uaw8mW24JBos,http://www.youtube.com/user/SRMeducation?ob=0//user/WWEFanNation,http://www.youtube.com/user/SRMeducation?ob=0//user/robelinda2,http://www.youtube.com/user/SRMeducation?ob=0//user/peradze94,http://www.youtube.com/user/SRMeducation?ob=0//feed/history,http://www.youtube.com/user/SRMeducation?ob=0///www.youtube.com/yt/about/,http://www.youtube.com/user/SRMeducation?ob=0///www.youtube.com/yt/copyright/,http://www.youtube.com/user/SRMeducation?ob=0///www.youtube.com/yt/advertise/,https://plus.google.com/+youtube,https://www.google.com/intl/en/policies/privacy/,http://www.youtube.com/user/SRMeducation?ob=0///support.google.com/youtube/?hl=en,http://www.youtube.com/user/SRMeducation?ob=0//testtube
https://twitter.com/SRM_Univ/?lang=id,https://twitter.com/SRM_Univ/?lang=msa,https://twitter.com/SRM_Univ/?lang=cs,https://twitter.com/SRM_Univ/?lang=da,https://twitter.com/SRM_Univ/?lang=de,https://twitter.com/SRM_Univ/?lang=en-gb,https://twitter.com/SRM_Univ/?lang=es,https://twitter.com/SRM_Univ/?lang=fil,https://twitter.com/SRM_Univ/?lang=fr,https://twitter.com/SRM_Univ/?lang=it,https://twitter.com/SRM_Univ/?lang=pl,https://twitter.com/SRM_Univ/?lang=pt,https://twitter.com/SRM_Univ/?lang=ro,https://twitter.com/SRM_Univ/?lang=fi,https://twitter.com/SRM_Univ/?lang=sv,https://twitter.com/SRM_Univ/?lang=vi,https://twitter.com/SRM_Univ/?lang=tr,https://twitter.com/SRM_Univ/?lang=ru,https://twitter.com/SRM_Univ/?lang=uk,https://twitter.com/SRM_Univ/?lang=he,https://twitter.com/SRM_Univ/?lang=ar,https://twitter.com/SRM_Univ/?lang=fa,https://twitter.com/SRM_Univ/?lang=bn,https://twitter.com/SRM_Univ/?lang=gu,https://twitter.com/SRM_Univ/?lang=ta,https://twitter.com/SRM_Univ/?lang=th,https://twitter.com/SRM_Univ/?lang=ko,https://twitter.com/SRM_Univ/?lang=ja,https://twitter.com/SRM_Univ/?lang=zh-cn,https://twitter.com/SRM_Univ/?lang=zh-tw,https://twitter.com/SRM_Univ//login,https://twitter.com/signup?context=login,https://twitter.com/SRM_Univ//SRM_Univ,https://twitter.com/SRM_Univ//SRM_Univ/favorites,https://twitter.com/SRM_Univ//SRM_Univ/lists,https://twitter.com/SRM_Univ//SRM_Univ/media,https://twitter.com/SRM_Univ//SRM_Univ/status/613219969782939648,http://t.co/uchsSx7aa1,https://twitter.com/SRM_Univ//SRM_Univ/status/611408900408086528,https://twitter.com/SRM_Univ//SRM_Univ/status/611401372022501376,http://t.co/lYh4yqSeG0,https://twitter.com/SRM_Univ//SRM_Univ/status/609250896745205761,http://t.co/hTaNDaPHhS,https://twitter.com/SRM_Univ//SRM_Univ/status/608127516822241281,http://t.co/H8eNzV1cCU,https://twitter.com/SRM_Univ//SRM_Univ/status/607765965762215936,http://t.co/lb20JxCKS4,https://twitter.com/SRM_Univ//SRM_Univ/status/606396267158052865,http://t.co/PsV1YSfBLA,https://twitter.com/SRM_Univ//SRM_Univ/status/600534198508789760,http://t.co/3rjNUlQ772,https://twitter.com/SRM_Univ//SRM_Univ/status/598334701359730688,http://t.co/Zxm3tMGAqt,https://twitter.com/SRM_Univ//SRM_Univ/status/596176263108132864,http://t.co/4WGTtyIjNt,http://t.co/5XYUmaMPQY,https://twitter.com/SRM_Univ//SRM_Univ/status/592531046463242241,http://t.co/Ro9jaBCIe6,http://t.co/opDUtHQsKC,http://t.co/bOf3lgDLFg,https://twitter.com/SRM_Univ//SRM_Univ/status/582758856809316352,http://t.co/6WLpEO28Ee,https://twitter.com/SRM_Univ//SRM_Univ/status/580945840744714243,https://twitter.com/SRM_Univ//srmmun/status/565941711059185664,https://twitter.com/signup,http://support.twitter.com/forums/26810/entries/78525
https://plus.google.com/+srmuniversity/posts//stream,https://www.google.com/intl/en_uk/+/policy/,https://www.google.com/intl/en_uk/+/policy/content.html,https://www.google.com/intl/en_uk/help/terms_maps.html,https://plus.google.com/+srmuniversity/posts/./107344921989930442678,https://plus.google.com/+srmuniversity/posts/events/crktbg8b0eq4702s4kv9q9jq5ok,https://plus.google.com/+srmuniversity/posts/+srmuniversity/posts/7Cd8ivNbMJH,https://plus.google.com/+srmuniversity/posts/photos/107344921989930442678/albums/6107808723488080849/6107808729712557378,https://plus.google.com/+srmuniversity/posts/photos/107344921989930442678,https://plus.google.com/+srmuniversity/posts/+srmuniversity/posts/CNwLYX46ak1,http://mysrm.srmuniv.ac.in/nwstsq,https://plus.google.com/+srmuniversity/posts/./102911565223557617944,https://plus.google.com/+srmuniversity/posts/./106699246805408538143,https://plus.google.com/+srmuniversity/posts/./108103576418685964952,https://plus.google.com/+srmuniversity/posts/./110325889294354846120,https://plus.google.com/+srmuniversity/posts/./104291117392108191683,https://plus.google.com/+srmuniversity/posts/./118258992977147556150,https://plus.google.com/+srmuniversity/posts/./113325594687924783947,https://plus.google.com/+srmuniversity/posts/./117143727255953183688,https://plus.google.com/+srmuniversity/posts/./116501924594199703042,https://plus.google.com/+srmuniversity/posts/./115514953890103940338,https://plus.google.com/+srmuniversity/posts/./117170873411054454313,https://plus.google.com/+srmuniversity/posts/./115766381610412774995,https://plus.google.com/+srmuniversity/posts/events/calf64hqmihlde09q2d0en8an88,https://plus.google.com/+srmuniversity/posts/+srmuniversity/posts/SXcLYBKdDim,http://www.srmuniv.ac.in/node/11393,http://www.srmuniv.ac.in/node/11321,https://plus.google.com/+srmuniversity/posts/+srmuniversity/posts/XpuaeX9koAF,https://play.google.com/store/apps/developer?id=SRM+Technologies,https://play.google.com,https://plus.google.com/+srmuniversity/posts/+srmuniversity/posts/WnAKH48QRjD,http://www.srmuniv.ac.in/node/11112,https://plus.google.com/+srmuniversity/posts/./103201518384529250546
http://www.mssrf.org/,http://www.ti.com/,http://www.boschindia.com,http://www.maltcompany.com/,http://www.polarisft.com/,http://www.vmsrf.org/,http://www.jnjindia.com/,http://www.cisco.com/,http://virtualinfocom.com/,http://www.aricent.com/,http://www.arkaenergy-lng.com/index.php,http://www.mcafee.com/us/,http://newhollandindia.co.in,http://www.ionidea.com/,http://www.atnetindia.net,http://www.ksv.co.in/,http://www.megafoods.in/,http://www.medela.us/,http://www.varian.com/,http://www.wipro.com/india/,http://www.hitechconcrete.in/,http://www.htcinc.com/,http://www.sriseshaa.com/,http://www.lntinfotech.com/,http://www.ambu.com/,http://www.stryker.com/,http://www.smtpl.com/,http://www.tcs.com,http://www.solitontech.com/about-us/board-of-directors#,http://www.ibm.com/in/en/,http://www.cerachemindia.com/,http://www.patnihealthcare.com/,http://www.jkorg.in/,http://www.pg.com/en_IN/,http://www.ranbaxy.com/,http://www.danaher.com/,http://www.tvs.in/,http://tvsbrakelinings.com,http://www.ascent-online.com/,http://www.praxair.co.in/,http://www.hcltech.com/it-infrastructure-management/overview,http://sjm.com/,http://wabco-auto.com/,http://www.bonfiglioli.com/en/,http://www.radiometer.in/,http://www.timken.com/en-us/Pages/Home.aspx,http://www.ibm.com,https://www.capitaliq.com/home.aspx,http://www.drreddys.com/india/,http://www.petrofac.com/,http://www.glrlabs.com/,http://india.emc.com,http://www3.gehealthcare.com.sg/,http://www.appliedmaterials.com/,http://itdcem.co.in/,http://www.iocl.com/,http://www.bmw.in,http://www.sanmargroup.com,http://www.actind.com/,http://www.kubos.biz/,http://spic.in/asso_spel.htm,http://www.isoft-technology.com/,http://www.exclusivesearch.com/,http://www.tcs.com/pages/default.aspx,http://www.ackermanninstrumente.de/,http://www.diamondfoundation.net/,http://www.ramkyinfrastructure.com/,http://www.meta-helix.com/,http://www.bahwancybertek.com/,http://magsons.in/index.php?route=common/home,http://www.dha.gov.ae/,http://www.aachigroup.com/,http://www.tecprosystems.com/,http://www.synaptris.com/,http://www.sharmaheritage.com/,http://www.epygen.com/,http://www.bd.com/,http://www.cfi.co.in/,http://www.freescale.com/,http://www.laerdal.com,http://www.lumenis.com/,http://www.nanoinks.in/,http://www.ebmpapst.in/,http://www.ascendas.com/,http://www.icra.in,http://www.genotypic.co.in/,http://www.simpsons.in/,http://www.carlyle.com/,http://www.sandor.co.in,http://www.kaspontech.com/,http://www.vijaynirman.com/,http://www.superautoforge.net/,http://www.conmed.com/conmed-service.php,http://www.hisco.com/manufacturers/alpha-cookson-electronics,http://www.qmaxtest.com/,http://www.senrysa.com/,http://www.sanrad.in/,http://www.scigenom.com/,http://www.frontierlifeline.com/,http://vishwapharma.com/,http://www.iitm.ac.in/,http://www.alchemistinfosystems.com/,http://www.standardchartered.co.in/,http://www.isro.org,http://vinchip.com/,http://global.sap.com/india/index.epx,http://www.rmsi.com/,http://www.sensorstechnology.com/,http://www.chennaimedipoint.com/index.html,http://www.prabhaengineers.com/,http://www.nimblewireless.com/,http://india.ni.com/,http://www.amiindia.co.in/about/corporate/Default.aspx,http://www.shardlow.in/,http://www.srasys.com/,http://www.vmware.com/,http://www.tebodin.com/,http://www.hpl.hp.com/,http://www.chemtrols.com/,http://www.biosourceflavors.com/,http://www.dodsal.com/,http://www.srf.com/,http://www.dynamed.in/,http://www.konicaminolta.in/,http://www.baumer.com/in-en/,http://www.symantec.com/en/in/,http://nanolandglobal.com/,http://www.mrv.com/,http://www.bluestarindia.com/,http://www3.gehealthcare.com/en/Global_Gateway,http://www.rltech.in/,http://www.tcs.com/,http://nsn.com/,http://www.rellife.com/,http://www.india.ford.com/,http://royalenfield.com/,http://www.vestas.com/,http://www.mmachennai.org/,http://www.cura.in/,http://www.vnvcs.com/,http://www.ncoretech.com/,http://www.optoindia.com/,http://www.time-medical.com/,http://www.convatec.co.in/,http://www.hill-rom.com/usa/
https://www.facebook.com/,https://www.facebook.com/recover/initiate,https://www.facebook.com/SRMUniversityOfficial//r.php,https://www.facebook.com/SRMUniversityOfficial//login/,https://www.facebook.com/SRMUniversityOfficial//lite/,https://www.facebook.com/SRMUniversityOfficial//find-friends?ref=pf,https://www.facebook.com/SRMUniversityOfficial//badges/?ref=pf,https://www.facebook.com/SRMUniversityOfficial//directory/people/,https://www.facebook.com/SRMUniversityOfficial//places/,https://www.facebook.com/SRMUniversityOfficial//games/,https://www.facebook.com/SRMUniversityOfficial//directory/places/,https://www.facebook.com/SRMUniversityOfficial//facebook,https://www.facebook.com/SRMUniversityOfficial//campaign/landing.php?placement=pflo&amp;campaign_id=402047449186&amp;extra_1=auto,https://www.facebook.com/SRMUniversityOfficial//pages/create/?ref_type=sitefooter,https://developers.facebook.com/?ref=pf,https://www.facebook.com/SRMUniversityOfficial//careers/?ref=pf,https://www.facebook.com/SRMUniversityOfficial//privacy/explanation,https://www.facebook.com/SRMUniversityOfficial//policies/?ref=pf,https://www.facebook.com/SRMUniversityOfficial//help/?ref=pf,https://www.facebook.com/SRMUniversityOfficial?fref=nf,https://www.facebook.com/SRMUniversityOfficial//SRMUniversityOfficial/posts/867041056682353,https://www.facebook.com/SRMUniversityOfficial/app_599520330059549,https://www.facebook.com/vamsikrishna.chinnu,https://www.facebook.com/vineet.innovians,https://www.facebook.com/privacy/explanation
http://mysrm.srmuniv.ac.in/blog/sample-page/,http://mysrm.srmuniv.ac.in/blog/blog/category/srm-university/activities/,http://mysrm.srmuniv.ac.in/blog/blog/category/srm-university/events/,http://mysrm.srmuniv.ac.in/blog/blog/category/srm-university/,http://mysrm.srmuniv.ac.in/blog/blog/author/admin/,http://mysrm.srmuniv.ac.in/blog/blog/category/srm-university/achievements/,http://mysrm.srmuniv.ac.in/blog/blog/2014/11/15/world-land-speed-record-holder-at-srm-university/,http://mysrm.srmuniv.ac.in/blog/blog/category/srm-university/history/,http://mysrm.srmuniv.ac.in/blog/blog/category/uncategorized/,http://mysrm.srmuniv.ac.in/blog/blog/2014/11/15/world-land-speed-record-holder-at-srm-university/#respond,http://mysrm.srmuniv.ac.in/blog/blog/2014/10/15/srm-uav-team-develops-unmanned-aerial-vehicle-copters/,http://mysrm.srmuniv.ac.in/blog/blog/category/miscellaneous/,http://mysrm.srmuniv.ac.in/blog/blog/2014/09/15/the-architect-of-coins-at-srm-university/,http://themegrill.com,http://wordpress.org
