JEPPIAAR ENGINEERING COLLEGE,http://www.jeppiaarcollege.org//jeppiaar/
ABOUT US,http://www.jeppiaarcollege.org//jeppiaar/?q=node/13
CHAIRMAN'S MESSAGE,http://www.jeppiaarcollege.org//jeppiaar/?q=node/137
DIRECTOR'S MESSAGE,http://www.jeppiaarcollege.org//jeppiaar/?q=node/139
OBJECTIVES,http://www.jeppiaarcollege.org//jeppiaar/?q=node/16
CERTIFICATIONS,http://www.jeppiaarcollege.org//jeppiaar/?q=node/140
ADMINISTRATION,http://www.jeppiaarcollege.org//jeppiaar/?q=node/141
MANDATORY DISCLOSURE,http://www.jeppiaarcollege.org//jeppiaar/?q=node/19
academic facilities,http://www.jeppiaarcollege.org//jeppiaar/?q=node/151
200913 Batch,http://www.jeppiaarcollege.org//jeppiaar/?q=node/153
201014 BATCH,http://jeppiaarcollege.org/jeppiaar/rank/2010-14/all.pdf
AWARDS & SCHOLARSHIPS,http://www.jeppiaarcollege.org//jeppiaar/?q=node/159
ELIGIBILITY,http://www.jeppiaarcollege.org//jeppiaar/?q=node/22
CIRCULARS,http://www.jeppiaarcollege.org//jeppiaar/?q=node/236
SCHEDULES,http://www.jeppiaarcollege.org//jeppiaar/?q=node/237
TEACHING AIDS,http://www.jeppiaarcollege.org//jeppiaar/?q=node/24
ABOUT,http://www.jeppiaarcollege.org//jeppiaar/?q=node/90
Lab Facilities,http://www.jeppiaarcollege.org//jeppiaar/?q=node/164
Research,http://www.jeppiaarcollege.org//jeppiaar/?q=node/92
ACHIEVEMENTS,http://www.jeppiaarcollege.org//jeppiaar/?q=node/232
Rank holders,http://www.jeppiaarcollege.org//jeppiaar/?q=node/125
201014 BATCH,http://jeppiaarcollege.org/jeppiaar/rank/2010-14/aero.pdf
EVENTS,http://www.jeppiaarcollege.org//jeppiaar/?q=node/278
ABOUT,http://www.jeppiaarcollege.org//jeppiaar/?q=node/233
LAB FACILITIES,http://www.jeppiaarcollege.org//jeppiaar/?q=node/96
RANK HOLDERS,http://www.jeppiaarcollege.org//jeppiaar/?q=node/220
201014 BATCH,http://jeppiaarcollege.org/jeppiaar/rank/2010-14/bio.pdf
EVENTS,http://www.jeppiaarcollege.org//jeppiaar/?q=node/279
RANK HOLDERS,http://www.jeppiaarcollege.org//jeppiaar/?q=node/221
ABOUT,http://www.jeppiaarcollege.org//jeppiaar/?q=node/152
LAB FACILITIES,http://www.jeppiaarcollege.org//jeppiaar/?q=node/158
RANK HOLDERS,http://www.jeppiaarcollege.org//jeppiaar/?q=node/222
201014 BATCH,http://jeppiaarcollege.org/jeppiaar/rank/2010-14/civil.pdf
RESEARCH,http://www.jeppiaarcollege.org//jeppiaar/?q=node/107
ACHIEVEMENTS,http://www.jeppiaarcollege.org//jeppiaar/?q=node/109
EVENTS,http://www.jeppiaarcollege.org//jeppiaar/?q=node/280
ABOUT,http://www.jeppiaarcollege.org//jeppiaar/?q=node/155
LAB FACILITIES,http://www.jeppiaarcollege.org//jeppiaar/?q=node/156
RANK HOLDERS,http://www.jeppiaarcollege.org//jeppiaar/?q=node/223
201014 BATCH,http://jeppiaarcollege.org/jeppiaar/rank/2010-14/cse.pdf
EVENTS,http://jeppiaarcollege.org/jeppiaar/?q=node/265
ABOUT,http://www.jeppiaarcollege.org//jeppiaar/?q=node/114
RANK HOLDERS,http://www.jeppiaarcollege.org//jeppiaar/?q=node/310
201014 BATCH,http://jeppiaarcollege.org/jeppiaar/rank/2010-14/mecse.pdf
ABOUT,http://www.jeppiaarcollege.org//jeppiaar/?q=node/207
LAB FACILITIES,http://www.jeppiaarcollege.org//jeppiaar/?q=node/213
RANK HOLDERS,http://www.jeppiaarcollege.org//jeppiaar/?q=node/224
201014 BATCH,http://jeppiaarcollege.org/jeppiaar/rank/2010-14/EEE.pdf
EVENTS,http://www.jeppiaarcollege.org//jeppiaar/?q=node/282
RANK HOLDERS,http://www.jeppiaarcollege.org//jeppiaar/?q=node/225
201014 BATCH,http://jeppiaarcollege.org/jeppiaar/rank/2010-14/PED.pdf
ABOUT,http://www.jeppiaarcollege.org//jeppiaar/?q=node/208
LAB FACILITIES,http://www.jeppiaarcollege.org//jeppiaar/?q=node/214
RANK HOLDERS,http://www.jeppiaarcollege.org//jeppiaar/?q=node/226
201014 BATCH,http://jeppiaarcollege.org/jeppiaar/rank/2010-14/ece.pdf
EVENTS,http://www.jeppiaarcollege.org//jeppiaar/?q=node/283
ABOUT,http://www.jeppiaarcollege.org//jeppiaar/?q=node/209
LAB FACILITIES,http://www.jeppiaarcollege.org//jeppiaar/?q=node/215
RANK HOLDERS,http://www.jeppiaarcollege.org//jeppiaar/?q=node/227
201014 BATCH,http://jeppiaarcollege.org/jeppiaar/rank/2010-14/EIE.pdf
RESEARCH,http://www.jeppiaarcollege.org//jeppiaar/?q=node/277
EVENTS,http://www.jeppiaarcollege.org//jeppiaar/?q=node/284
ABOUT,http://www.jeppiaarcollege.org//jeppiaar/?q=node/210
LAB FACILITIES,http://www.jeppiaarcollege.org//jeppiaar/?q=node/216
RANK HOLDERS,http://www.jeppiaarcollege.org//jeppiaar/?q=node/228
201014 BATCH,http://jeppiaarcollege.org/jeppiaar/rank/2010-14/it.pdf
EVENTS,http://www.jeppiaarcollege.org//jeppiaar/?q=node/285
About,http://www.jeppiaarcollege.org//jeppiaar/?q=node/168
LAB FACILITIES,http://www.jeppiaarcollege.org//jeppiaar/?q=node/217
RANK HOLDERS,http://www.jeppiaarcollege.org//jeppiaar/?q=node/229
201014 BATCH,http://jeppiaarcollege.org/jeppiaar/rank/2010-14/MECH.pdf
EVENTS,http://www.jeppiaarcollege.org//jeppiaar/?q=node/286
About,http://www.jeppiaarcollege.org//jeppiaar/?q=node/170
RANK HOLDERS,http://www.jeppiaarcollege.org//jeppiaar/?q=node/316
ABOUT,http://www.jeppiaarcollege.org//jeppiaar/?q=node/211
LAB FACILITIES,http://www.jeppiaarcollege.org//jeppiaar/?q=node/218
RANK HOLDERS,http://www.jeppiaarcollege.org//jeppiaar/?q=node/230
201014 BATCH,http://jeppiaarcollege.org/jeppiaar/rank/2010-14/mba.pdf
EVENTS,http://www.jeppiaarcollege.org//jeppiaar/?q=node/287
About,http://www.jeppiaarcollege.org//jeppiaar/?q=node/171
Department of English,http://www.jeppiaarcollege.org//jeppiaar/?q=node/173
DEPARTMENT OF MATHEMATICS,http://www.jeppiaarcollege.org//jeppiaar/?q=node/251
DEPARTMENT OF PHYSICS,http://www.jeppiaarcollege.org//jeppiaar/?q=node/252
DEPARTMENT OF CHEMISTRY,http://www.jeppiaarcollege.org//jeppiaar/?q=node/253
EVENTS,http://www.jeppiaarcollege.org//jeppiaar/?q=node/288
CAMPUS INFRASTRUCTURE,http://www.jeppiaarcollege.org//jeppiaar/?q=node/38
LABORATORY FACILITIES,http://www.jeppiaarcollege.org//jeppiaar/?q=node/187
LIBRARY,http://www.jeppiaarcollege.org//jeppiaar/?q=node/190
TRANSPORT,http://www.jeppiaarcollege.org//jeppiaar/?q=node/241
DINING HALL & CANTEEN,http://www.jeppiaarcollege.org//jeppiaar/?q=node/191
MEDICAL FACILITY,http://www.jeppiaarcollege.org//jeppiaar/?q=node/192
AUDITORIUM & CONFERENCE HALL,http://www.jeppiaarcollege.org//jeppiaar/?q=node/193
ABOUT,http://www.jeppiaarcollege.org//jeppiaar/?q=node/293
ACHIEVEMENTS,http://www.jeppiaarcollege.org//jeppiaar/?q=node/292
MEDIA,http://www.jeppiaarcollege.org//jeppiaar/?q=node/321
BANKING FACILITY,http://www.jeppiaarcollege.org//jeppiaar/?q=node/47
ABOUT,http://www.jeppiaarcollege.org//jeppiaar/?q=node/150
ACTIVITIES,http://www.jeppiaarcollege.org//jeppiaar/?q=node/269
ACHIEVEMENTS,http://www.jeppiaarcollege.org//jeppiaar/?q=node/272
GALLERY,http://www.jeppiaarcollege.org//jeppiaar/?q=node/271
ABOUT,http://www.jeppiaarcollege.org//jeppiaar/?q=node/197
Blood Donation Camp 2014,http://www.jeppiaarcollege.org//jeppiaar/?q=node/144
ABOUT,http://www.jeppiaarcollege.org//jeppiaar/?q=node/263
EVENTS,http://www.jeppiaarcollege.org//jeppiaar/?q=node/265
ACHIEVEMENTS,http://www.jeppiaarcollege.org//jeppiaar/?q=node/266
IEEE,http://www.jeppiaarieee.org
ABOUT,http://www.jeppiaarcollege.org//jeppiaar/?q=node/290
EVENTS,http://www.jeppiaarcollege.org//jeppiaar/?q=node/291
ANTI RAGGING,http://www.jeppiaarcollege.org//jeppiaar/?q=node/276
ABOUT,http://www.jeppiaarcollege.org//jeppiaar/?q=node/268
CIIYI,http://www.jeppiaarcollege.org//jeppiaar/?q=node/328
ABOUT,http://www.jeppiaarcollege.org//jeppiaar/?q=node/329
ACTIVITIES,http://www.jeppiaarcollege.org//jeppiaar/?q=node/330
NEWS & REPORTS,http://www.jeppiaarcollege.org//jeppiaar/?q=node/331
UPCOMING EVENTS,http://www.jeppiaarcollege.org//jeppiaar/?q=node/332
ABOUT,http://www.jeppiaarcollege.org//jeppiaar/?q=node/160
CIRCULARS,http://www.jeppiaarcollege.org//jeppiaar/?q=node/240
Alumini Home,http://www.jeppiaarcollege.org//jeppiaar/?q=node/129
Alumini Registration,https://docs.google.com/forms/d/12n3L8eoxt5KbBiULBBS07XflwzoLe6JYaz_Muw7Efng/viewform
Placements Discussion,http://www.jeppiaarcollege.org//jeppiaar/?q=forum/17
ABOUT,http://www.jeppiaarcollege.org//jeppiaar/?q=node/275
MOUs,http://www.jeppiaarcollege.org//jeppiaar/?q=node/297
INFRASTRUCTURE,http://www.jeppiaarcollege.org//jeppiaar/?q=node/234
Graduation Day 2014,http://www.jeppiaarcollege.org//jeppiaar/?q=node/167
Republic Day '14,http://www.jeppiaarcollege.org//jeppiaar/?q=node/127
Press and Media,http://www.jeppiaarcollege.org//jeppiaar/?q=node/163
Reach Us,http://www.jeppiaarcollege.org//jeppiaar/?q=node/174
mail us,http://www.jeppiaarcollege.org//jeppiaar/?q=node/121
INTRANET MAIL,http://gmail.com
FACEBOOK,https://www.facebook.com/pages/Jeppiaar-Engineering-College/608549585922202
"Wednesday, July 1",http://jeppiaarcollege.org/jeppiaar/?q=event-created/month/2015-07
"National Level Technical Workshop on ""Fundamentals of LabView and its applications"" on 16th and 17th July 2015 by E & I department. Click Here!!!",http://www.jeppiaarcollege.org/../jeppiaar/brouchures/eie/3.pdf
"61 Anna University ranks, 4 gold medals and one silver medal for 20102014 Batch students",http://www.jeppiaarcollege.org/../jeppiaar/rank/2010-14/all.pdf
Welcome To Jeppiaar Engineering College,http://www.jeppiaarcollege.org//jeppiaar/?q=node/1
Create new account,http://www.jeppiaarcollege.org//jeppiaar/?q=user/register
Request new password,http://www.jeppiaarcollege.org//jeppiaar/?q=user/password
Generate a new captcha,http://www.jeppiaarcollege.org//jeppiaar/?q=captcha/refresh/user_login_block
Click Here to check Student Performance,http://coe1.annauniv.edu/
Achiever's Day 2015,http://www.jeppiaarcollege.org//jeppiaar/?q=node/340
Hostel day 2015,http://www.jeppiaarcollege.org//jeppiaar/?q=node/339
Click here for certificate verification,http://www.jeppiaarcollege.directverify.in
61 Anna University ranks including 4 Gold medals and a silver medal for 2014 Batch,http://www.jeppiaarcollege.org//jeppiaar/?q=node/324
National Employability award 2015 for Jeppiaar Engineering College,http://www.jeppiaarcollege.org//jeppiaar/?q=node/327
JEPPIAAR ICON AWARDS 2015,http://www.jeppiaarcollege.org//jeppiaar/?q=node/326
Click Here for More,http://jeppiaarcollege.org/jeppiaar/?q=node/325
Click Here for more!!!,http://jeppiaarcollege.org/jeppiaar/?q=node/338
ICONSTEM 2015,http://www.jeppiaarcollege.org//jeppiaar/?q=node/337
Click Here for More!!!,http://www.jeppiaarcollege.org/jeppiaar/?q=node/336
Workshop on EUCALIPTUS by IT Department,http://www.jeppiaarcollege.org//jeppiaar/?q=node/335
Click Here for More!!!,http://www.jeppiaarcollege.org/jeppiaar/?q=node/334
Graduation Day 2015,http://www.jeppiaarcollege.org//jeppiaar/?q=node/323
Click Here for More !!!,http://jeppiaarcollege.org/jeppiaar/?q=node/322
Zymphonies,http://www.zymphonies.com
"Wednesday, July 1",http://www.jeppiaarcollege.org/jeppiaar/?q=event-created/month/2015-07
"Workshop conducted for 2 days ""ARDUINOBOTICS""",http://jeppiaarcollege.org/jeppiaar/?q=node/333
INAUGURATION,http://docs.google.com/viewer?url=jeppiaarcollege.org/jeppiaar/csi/1.doc
ONE DAY SOFT SKILL PROGRAM,http://docs.google.com/viewer?url=jeppiaarcollege.org/jeppiaar/csi/2.docx
COMPUTERESE SCHOOL PROGRAM,http://docs.google.com/viewer?url=jeppiaarcollege.org/jeppiaar/csi/3.docx
WORKSHOP ON PYTHON,http://docs.google.com/viewer?url=jeppiaarcollege.org/jeppiaar/csi/4.docx
NATIONAL WORKSHOP ON DEMYSTIFYING CLOUD & BIG DATA COMPUTING,http://docs.google.com/viewer?url=jeppiaarcollege.org/jeppiaar/csi/5.docx
Motivation For Paper Presentation,http://docs.google.com/viewer?url=jeppiaarcollege.org/jeppiaar/csi/6.doc
Paper Presentation Competition,http://docs.google.com/viewer?url=jeppiaarcollege.org/jeppiaar/csi/7.docx
scrum software engg,http://docs.google.com/viewer?url=jeppiaarcollege.org/jeppiaar/csi/8.doc
National Level Project Expo,http://docs.google.com/viewer?url=jeppiaarcollege.org/jeppiaar/csi/9.docx
Seminar and Induction program,http://docs.google.com/viewer?url=jeppiaarcollege.org/jeppiaar/csi/10.docx
Placement Oriented Data Structures,http://docs.google.com/viewer?url=jeppiaarcollege.org/jeppiaar/csi/11.docx
WIZDOMknowledge sharing session,http://www.jeppiaarcollege.org/../jeppiaar/csi/12.pdf
CLOUD COMPUTING Workshop,http://docs.google.com/viewer?url=jeppiaarcollege.org/jeppiaar/csi/13.docx
CLOUD COMPUTING WorkshopSOCIAL MEDIA & WEB ANALYTICS SEMINAR Workshop,http://docs.google.com/viewer?url=jeppiaarcollege.org/jeppiaar/csi/15.docx
"National Level Workshop on NS2 SIMULATIONS ON MANET ,VANET& SENSOR NETWORKS",http://docs.google.com/viewer?url=jeppiaarcollege.org/jeppiaar/csi/16.docx
Google Forms,https://www.google.com/forms/about/?utm_source=product&utm_medium=forms_logo&utm_campaign=forms
Report Abuse,https://docs.google.com/forms/d/12n3L8eoxt5KbBiULBBS07XflwzoLe6JYaz_Muw7Efng/reportabuse?source=https://docs.google.com/forms/d/12n3L8eoxt5KbBiULBBS07XflwzoLe6JYaz_Muw7Efng/viewform
Terms of Service,http://www.google.com/accounts/TOS
Additional Terms,http://www.google.com/google-d-s/terms.html
Need help?,https://accounts.google.com/RecoverAccount?service=mail&continue=https%3A%2F%2Fmail.google.com%2Fmail%2F
Create an account,https://accounts.google.com/SignUp?service=mail&continue=https%3A%2F%2Fmail.google.com%2Fmail%2F&ltmpl=default
IEEE.org,http://www.ieee.org/
IEEE Xplore Digital Library,http://ieeeexplore.ieee.org/
IEEE Standards,http://standards.ieee.org/
IEEE Spectrum,http://spectrum.ieee.org/
More IEEE Sites,http://www.ieee.org/sitemap.html?WT.mc_id=mn_smap
IEEE Student Branch,http://www.jeppiaarcollege.org/index.html
IEEE Region 10 SAC,http://r10sac.org/
IEEE GINI Madras Section,http://madras.r10sac.org/
IEEE Madras Section,http://ewh.ieee.org/r10/madras/
College Home,http://www.jeppiaarcollege.org/
About Branch,http://www.jeppiaarcollege.org/about.html
Events & Activities,http://www.jeppiaarcollege.org/activities.html
Gallery,http://www.jeppiaarcollege.org/gallery.html
Member Resources,http://www.jeppiaarcollege.org/resources.html
Alumni,http://www.jeppiaarcollege.org/alumni.html
Contact,http://www.jeppiaarcollege.org/contact.html
"""TechnoQuiz""",http://www.jeppiaarcollege.org/techno14.html
"""Power Spark2K14""",http://www.jeppiaarcollege.org/power-spark.html
Region 10,http://www.ieeer10.org/about.html
Join Now,http://www.jeppiaarcollege.org/join.html
Email Alias,http://eleccomm.ieee.org/
Discounts,https://www.ieee.org/membership_services/membership/discounts/index.html
SB Contests and Awards,http://www.jeppiaarcollege.org/contest.html
Read more...,http://e5.onthehub.com/WebStore/ProductsByMajorVersionList.aspx?ws=07410bd9-c99b-e011-969d-0030487d8897&vsro=8&JSEnabled=1
IEEE TV,https://ieeetv.ieee.org/
Conferences,http://www.ieee.org/conferences_events/index.html
EPICS,http://www.ieee.org/education_careers/education/preuniversity/epics_high.html
Scholarships,http://www.ieee.org/membership_services/membership/students/awards/index.html
Edu funds,https://www.ieee.org/organizations/foundation/educationalfunds.html
Competitions,http://www.ieee.org/membership_services/membership/students/competitions/index.html
Societies,http://www.ieee.org/membership_services/membership/societies/index.html
Support,https://supportcenter.ieee.org/
Carreer & Job,http://www.ieee.org/education_careers/index.html
Site Map,http://www.jeppiaarcollege.org/sitemap.html
Privacy & Security,http://www.ieee.org/privacy
Terms & Conditions,http://www.ieee.org/site_terms_conditions.html
Nondiscrimination Policy,http://www.ieee.org/nondiscrimination
Messenger,https://messenger.com/
Facebook Lite,http://www.jeppiaarcollege.org//lite/
Ad Choices,https://www.facebook.com/help/568137493302217
"Monday, June 1",http://jeppiaarcollege.org/jeppiaar/?q=event-created/month/2015-06
sdp@jeppiaarcollege.org,http://www.jeppiaarcollege.org/mailto:sdp@jeppiaarcollege.org
"National workshop on ""Advanced Embedded controllers & hands on training on ARM7 processor"" 17th and 18th July 2014.",http://www.jeppiaarcollege.org/../jeppiaar/brouchures/EIE.pdf
Report,http://www.jeppiaarcollege.org/../jeppiaar/reports/eie.pdf
Mr.V. KISHORE & Mr.L.BRITTO ANTHONY of III year Computer Science & Engineering B SECTION who presented paper titled Prioritized Traffic Management and Transport Security using RFID in 48thAnnual Convention of CSI,http://docs.google.com/viewer?url=jeppiaarcollege.org/jeppiaar/csi/APPRCIATION.docx
Project Expo 2014 sponsored by CSI,http://www.jeppiaarcollege.org/../jeppiaar/csi/001.jpg
Appreciation by Thanthai Periyar Govt. Hr.Sec School,http://www.jeppiaarcollege.org/../jeppiaar/csi/002.jpg
Event Calendar,http://www.jeppiaarcollege.org//jeppiaar/?q=event-created/month
Month(active tab),http://www.jeppiaarcollege.org//jeppiaar/?q=event-created
Week,http://www.jeppiaarcollege.org//jeppiaar/?q=event-created/week
Day,http://www.jeppiaarcollege.org//jeppiaar/?q=event-created/day
Year,http://www.jeppiaarcollege.org//jeppiaar/?q=event-created/year
ISOI in Jeppiaar Engineering College. Click Here!!!,http://isoijec.in/
View the full image,http://www.jeppiaarcollege.org/jeppiaar/sites/default/files/DSC_0163%20copy_0.gif
View the full image,http://www.jeppiaarcollege.org/jeppiaar/sites/default/files/DSC_0169%20copy_0.gif
View the full image,http://www.jeppiaarcollege.org/jeppiaar/sites/default/files/DSC_0173F%20copy.gif
antiragging@jeppiaarcollege.org,http://www.jeppiaarcollege.org/mailto:antiragging@jeppiaarcollege.org
www.jeppiaarcollege.org/antiragging,http://www.jeppiaarcollege.org/antiragging
please click here,http://url.fortinet.net/rate/submit.php?id=494F286A2307694C2C69603370792A33&cat=17&loc=http://www%2ejeppiaarcollege%2edirectverify%2ein%2f&ver=6
Zymphonies,http://www.jeppiaarcollege.org//
Drupal theme,http://www.jeppiaarcollege.org//drupal-premium-theme
Free theme,http://www.jeppiaarcollege.org//drupal-free-theme
Services,http://www.jeppiaarcollege.org//drupal-services
Design,http://www.jeppiaarcollege.org//design-services
UI/UX,http://www.jeppiaarcollege.org//ui-engineering
Blog,http://www.jeppiaarcollege.org//blog
Contact,http://www.jeppiaarcollege.org//contact
Drupal services,http://www.jeppiaarcollege.org/drupal-services
UI engineering,http://www.jeppiaarcollege.org/ui-engineering
Talk to zymphonies,http://www.jeppiaarcollege.org/contact
Request an estimate,http://www.jeppiaarcollege.org/free-quote
Free theme,http://www.jeppiaarcollege.org/free-themes
Premium theme,http://www.jeppiaarcollege.org/premium-theme
more,http://www.jeppiaarcollege.org/about-us
WebOne Responsive Theme,http://www.jeppiaarcollege.org//webone-responsive-theme
View Demo,http://demo.zymphonies.com/premium-theme/webone-responsive-theme/
Buy Now,https://www.paypal.com/cgi-bin/webscr?cmd=_s-xclick&hosted_button_id=XN2LGCGS9PEU6
Metro Responsive Theme,http://www.jeppiaarcollege.org//metro-responsive-theme
View Demo,http://demo.zymphonies.com/free-theme/metro-responsive-theme
Buy Package,https://www.paypal.com/cgi-bin/webscr?cmd=_s-xclick&hosted_button_id=X45SBPUBQX6G6
more theme,http://www.zymphonies.com/drupal-theme
more,http://www.jeppiaarcollege.org/drupal-custom-theme-development
more,http://www.jeppiaarcollege.org/design-services
Zymphonies key features,http://www.jeppiaarcollege.org//zymphonies-key-features
About us,http://www.jeppiaarcollege.org//about-us
Our clients,http://www.jeppiaarcollege.org//clients
Our portfolio,http://www.jeppiaarcollege.org//portfolio
Creative commons license,http://www.jeppiaarcollege.org//creative-commons-license
Zymphonies sitemap,http://www.jeppiaarcollege.org//sitemap
FreeBiezz blog,http://www.freebiezz.com/blog
Free PSD and theme,http://www.freebiezz.com
Drupal theme forum,http://www.freebiezz.com/forum
Work process,http://www.jeppiaarcollege.org//process
Drupal theme license,http://www.jeppiaarcollege.org//theme-license
Drupal theme FAQ,http://www.jeppiaarcollege.org//faq
How to buy/download theme,http://www.jeppiaarcollege.org//how-buy-and-download-theme
What is free theme package,http://www.jeppiaarcollege.org//free-theme-package
Request for estimation,http://www.jeppiaarcollege.org//free-quote
Request for support,http://www.jeppiaarcollege.org//client-support
Free support,http://www.jeppiaarcollege.org//free-support
Premium support,http://www.jeppiaarcollege.org//premium-support
Zymphonies pricing,http://www.jeppiaarcollege.org//pricing
marketplace,https://www.drupal.org/node/1859426
member,https://www.drupal.org/u/zymphonies.com
Request An Estimate,http://www.zymphonies.com/request-estimate
Client Support,http://www.zymphonies.com/client-support
User account,http://www.jeppiaarcollege.org//jeppiaar/?q=user
Generate a new captcha,http://www.jeppiaarcollege.org//jeppiaar/?q=captcha/refresh/user_register_form
Generate a new captcha,http://www.jeppiaarcollege.org//jeppiaar/?q=captcha/refresh/user_pass
